ID,goal,goal_type,first_move,utility,literal_prob,prag_prob,literal_better_than,prag_better_than,len_literal,len_prag
91484,fill nocolor C1,fill,"(70, 84)",1,0.0212194396035845,0.0062417685842268,247,253,289,289
91484,fill nocolor A2,fill,"(92, 93)",1,0.0198334419721015,0.0315882536536642,244,285,289,289
91484,cover green all,cover,"(83, 64)",0,0.0005094918218327,0.0008225905287491,66,241,289,289
91484,cover red all,cover,"(92, 73)",1,0.0096825591698269,0.0289404861853456,190,285,289,289
91484,move red A,move,"(80, 73)",1,0.0246221658541034,0.0301420683524313,253,281,289,289
91484,uncover red all,uncover,"(72, 74)",1,0.0294948519845254,0.0082430279395973,259,273,289,289
91484,clear nocolor A2,clear,"(58, 73)",1,0.0282251099282876,0.0071195403102152,259,264,289,289
91484,clear nocolor A1,clear,"(92, 93)",1,0.0199502491717013,0.0289052031898174,244,284,289,289
91484,move blue C,move,"(92, 84)",1,0.0215227854853749,0.0244993575100445,247,275,289,289
91484,uncover green all,uncover,"(83, 78)",1,0.0173704204160194,0.0093636585024743,235,272,289,289
98763,cover red all,cover,"(95, 78)",1,0.0091840255923515,0.0022076566889885,191,246,289,289
98763,clear nocolor A2,clear,"(57, 74)",1,0.0228824891492512,0.0084822920533099,259,283,289,289
98763,fill nocolor B1,fill,"(95, 78)",1,0.0182005802336817,0.0060563314194214,247,271,289,289
98763,uncover blue all,uncover,"(73, 94)",1,0.0184293380478656,0.0046978508497287,244,278,289,289
98763,move blue B2,move,"(101, 94)",0,0.001132364578484,0.0032010892168696,78,0,289,289
98763,fill nocolor A2,fill,"(79, 94)",1,0.0170527256963566,0.0042208411767516,244,259,289,289
98763,cover green all,cover,"(54, 55)",1,0.0139609491522897,0.003291709954924,229,252,289,289
98763,move blue B,move,"(81, 83)",0,0.0009399974076325,0.0033988924163077,75,224,289,289
98763,clear nocolor C,clear,"(88, 78)",1,0.0122242450435486,0.0037778949381605,217,234,289,289
98763,uncover red all,uncover,"(54, 94)",1,0.0304213964240237,0.0055409470010146,265,282,289,289
33708,fill nocolor A1,fill,"(75, 73)",1,0.016646886093148,0.0120596925925483,233,266,272,272
33708,uncover green all,uncover,"(81, 83)",1,0.0193214927322896,0.0066479040794673,236,264,272,272
33708,move blue A1,move,"(74, 77)",0,0.0019318844265755,0.0031906245624595,63,0,272,272
33708,clear nocolor A,clear,"(74, 77)",0,0.0012410966627911,0.0031460137908762,60,0,272,272
33708,cover green all,cover,"(67, 86)",1,0.0103040426783338,0.0009313678336372,194,225,272,272
33708,clear nocolor C2,clear,"(87, 86)",1,0.0151515810041115,0.0050232583768453,227,238,272,272
33708,fill nocolor B2,fill,"(66, 100)",1,0.0155755841836354,0.0047035886595803,230,235,272,272
33708,cover red all,cover,"(94, 77)",1,0.0146176647267755,0.2600583361518491,222,270,272,272
33708,uncover blue all,uncover,"(54, 73)",1,0.0177338977534013,0.0041371872428711,232,236,272,272
33708,move blue B1,move,"(79, 100)",0,0.0017368771936655,0.0033117907909832,71,0,272,272
51325,fill nocolor B2,fill,"(80, 81)",1,0.0238095238095238,0.0047770607941323,247,260,289,289
51325,uncover green all,uncover,"(60, 81)",1,0.05,0.0044163745233954,269,277,289,289
51325,cover red all,cover,"(55, 54)",1,0.0217391304347826,0.00154891385294,243,258,289,289
51325,move red B,move,"(72, 79)",1,0.0185185185185185,0.0069318979676468,235,272,289,289
51325,clear nocolor A1,clear,"(55, 88)",1,0.0222222222222222,0.003757698227643,244,245,289,289
51325,clear nocolor A,clear,"(55, 88)",1,0.0166666666666666,0.0036592017995504,229,230,289,289
51325,move green C2,move,"(104, 88)",1,0.037037037037037,0.031440701600554,262,287,289,289
51325,fill nocolor C2,fill,"(72, 88)",1,0.0238095238095238,0.0084301167230972,247,268,289,289
51325,cover green all,cover,"(72, 37)",1,0.01010101010101,0.1136226903228994,190,281,289,289
51325,uncover blue all,uncover,"(55, 54)",1,0.0277777777777777,0.0069681956351421,253,280,289,289
42292,fill nocolor C1,fill,"(60, 84)",1,0.0209476811526679,0.003917281502332,247,247,289,289
42292,move blue A2,move,"(90, 77)",1,0.0201123779086002,0.0088219862042578,244,286,289,289
42292,uncover blue all,uncover,"(75, 98)",1,0.0278915317384165,0.0049122992791709,257,265,289,289
42292,cover green all,cover,"(61, 98)",0,0.000296156187243,0.0015739104465988,11,0,289,289
42292,fill nocolor C2,fill,"(90, 87)",1,0.0209476811526679,0.0063165289185492,247,268,289,289
42292,uncover green all,uncover,"(82, 98)",1,0.0278915317384165,0.0055802820008835,257,287,289,289
42292,clear nocolor B,clear,"(60, 77)",1,0.015506467476703,0.003884207441287,229,239,289,289
42292,move blue C,move,"(82, 84)",1,0.023762220511424,0.0065433815945834,252,280,289,289
42292,clear nocolor A1,clear,"(92, 77)",1,0.0197100298830915,0.0083253877326314,244,284,289,289
42292,cover red all,cover,"(75, 73)",1,0.0161686139617178,0.002045765282224,232,249,289,289
43580,fill nocolor A1,fill,"(96, 56)",1,0.0212991623756053,0.005726698944101,247,263,289,289
43580,move green C1,move,"(64, 85)",1,0.0386584579532916,0.0074069379441528,268,275,289,289
43580,clear nocolor C,clear,"(84, 78)",1,0.0132066159598197,0.0035798064963565,217,221,289,289
43580,uncover blue all,uncover,"(77, 86)",1,0.0174079665789302,0.004207365214503,235,263,289,289
43580,cover green all,cover,"(103, 69)",1,0.010307548076393,0.0029023337422649,196,274,289,289
43580,uncover red all,uncover,"(64, 78)",1,0.0327521552689964,0.005123787485236,262,282,289,289
43580,cover blue all,cover,"(72, 56)",0,0.0005396442904833,0.0019586048088656,79,243,289,289
43580,move red C,move,"(77, 85)",1,0.020813650358599,0.0045233017014097,245,275,289,289
43580,fill nocolor B1,fill,"(63, 78)",1,0.0212991623756052,0.0041769469188949,247,255,289,289
43580,clear nocolor B2,clear,"(64, 54)",1,0.028374681380026,0.0067215958865829,259,287,289,289
14189,move red A,move,"(96, 74)",1,0.0237793035748417,0.0089957163790928,269,302,306,306
14189,fill nocolor A2,fill,"(96, 58)",1,0.0197184696078746,0.0065198435214093,261,288,306,306
14189,move green A1,move,"(76, 74)",1,0.0379930282475557,0.0065657935959082,285,297,306,306
14189,uncover red all,uncover,"(76, 74)",1,0.0249976370736751,0.0040967326462257,270,292,306,306
14189,clear nocolor C,clear,"(67, 82)",1,0.0131041193551215,0.0048838710475796,234,291,306,306
14189,cover green all,cover,"(105, 71)",1,0.0079158697063947,0.0698603284141212,184,294,306,306
14189,uncover blue all,uncover,"(88, 50)",0,0.0005372245248701,0.003037142932975,113,0,306,306
14189,clear nocolor A2,clear,"(75, 74)",1,0.0197184696078746,0.0042728956182341,261,276,306,306
14189,fill nocolor C2,fill,"(68, 87)",1,0.0197184696078746,0.0039908858459641,261,267,306,306
14189,cover red all,cover,"(88, 87)",1,0.0119304163586595,0.0010852555269157,227,258,306,306
19737,uncover green all,uncover,"(83, 89)",1,0.022376514849217,0.0032681366341267,249,264,289,289
19737,clear nocolor A,clear,"(55, 106)",1,0.0130345714708686,0.0038164307890621,217,236,289,289
19737,cover green all,cover,"(102, 86)",1,0.011037130628215,0.0776344457509501,204,279,289,289
19737,move red B1,move,"(87, 79)",1,0.0199230924162177,0.0063505611218584,244,278,289,289
19737,fill nocolor B1,fill,"(74, 79)",1,0.020716053551622,0.0041685334310368,247,250,289,289
19737,uncover red all,uncover,"(55, 79)",1,0.0183181899681587,0.0029662895411663,239,247,289,289
19737,move green C1,move,"(102, 106)",0,0.0007468027065275,0.0031785892371822,84,0,289,289
19737,cover blue all,cover,"(87, 89)",1,0.0118399892312997,0.0093849966603054,210,285,289,289
19737,fill nocolor C2,fill,"(85, 106)",1,0.019369516088743,0.0085308773575445,244,282,289,289
19737,clear nocolor A1,clear,"(55, 76)",1,0.019505005968348,0.0043656582007823,244,259,289,289
56864,clear nocolor C,clear,"(84, 63)",1,0.0131359349387603,0.0098074428083826,217,240,289,289
56864,move red C1,move,"(60, 69)",0,0.0007902224573474,0.000673061808412,70,72,289,289
56864,uncover blue all,uncover,"(84, 85)",1,0.0156431986420563,0.0095943098264571,229,248,289,289
56864,clear nocolor B,clear,"(60, 54)",1,0.0155536705936263,0.0108814561539631,229,242,289,289
56864,fill nocolor A2,fill,"(60, 77)",1,0.0210573448682458,0.0133780482821637,247,252,289,289
56864,cover red all,cover,"(72, 74)",1,0.0118027913790649,0.0125561760951557,209,265,289,289
56864,fill nocolor B1,fill,"(81, 80)",1,0.0210573448682458,0.0183548642100768,247,264,289,289
56864,uncover red all,uncover,"(61, 101)",1,0.020701713581524,0.0084702476699486,245,246,289,289
56864,cover blue all,cover,"(72, 43)",1,0.0200576093270502,0.0283395423374137,244,281,289,289
56864,move red B,move,"(76, 42)",1,0.0340470874991447,0.03228217429951,265,285,289,289
66473,cover red all,cover,"(90, 76)",1,0.0139687628045958,0.0035575540316424,240,295,306,306
66473,fill nocolor B2,fill,"(73, 63)",1,0.0194890093866161,0.0036297654338373,261,284,306,306
66473,uncover red all,uncover,"(66, 82)",1,0.0223815361854427,0.003400967282146,266,266,306,306
66473,fill nocolor C1,fill,"(79, 67)",1,0.0194890093866161,0.0035376559764367,261,267,306,306
66473,move blue B,move,"(90, 60)",1,0.0280974122427092,0.0038440952599765,276,300,306,306
66473,move blue A,move,"(95, 72)",0,0.0005577597557212,0.0032278724823789,87,0,306,306
66473,uncover green all,uncover,"(68, 48)",1,0.0183194953851277,0.0034846870530806,256,284,306,306
66473,clear nocolor A1,clear,"(73, 60)",1,0.0194890093866161,0.0036163525945099,261,277,306,306
66473,clear nocolor C,clear,"(66, 72)",1,0.0130266869708428,0.003330149523965,234,244,306,306
66473,cover blue all,cover,"(73, 72)",1,0.0075235687492695,0.0038581475141429,178,297,306,306
67590,cover green all,cover,"(55, 54)",1,0.0117647058823529,0.0309802725281191,187,266,272,272
67590,move blue C2,move,"(98, 89)",1,0.0222222222222222,0.043121279491721,227,266,272,272
67590,clear nocolor B,clear,"(101, 89)",1,0.0166666666666666,0.0220989101618887,212,254,272,272
67590,uncover red all,uncover,"(55, 54)",1,0.0181818181818181,0.2666860051360961,217,271,272,272
67590,fill nocolor B2,fill,"(98, 83)",1,0.0256410256410256,0.0768127175707043,233,269,272,272
67590,clear nocolor C,clear,"(85, 83)",1,0.0166666666666666,0.0189351197963118,212,252,272,272
67590,move red C1,move,"(69, 67)",1,0.0285714285714285,0.0072222491223679,237,255,272,272
67590,fill nocolor C2,fill,"(68, 89)",1,0.0256410256410256,0.0027921048532056,233,238,272,272
67590,uncover blue all,uncover,"(69, 102)",1,0.0277777777777777,0.0280660653455925,236,266,272,272
67590,cover blue all,cover,"(55, 74)",1,0.0181818181818181,0.0521032907304311,217,269,272,272
97388,uncover green all,uncover,"(73, 74)",1,0.0249999999999999,0.0054107361126205,232,255,272,272
97388,cover red all,cover,"(72, 55)",1,0.0144927536231884,0.1356920485927935,203,265,272,272
97388,move blue B,move,"(75, 98)",1,0.0161290322580645,0.0043055525435778,210,212,272,272
97388,cover blue all,cover,"(103, 71)",1,0.0192307692307692,0.0007832055270406,220,260,272,272
97388,move blue C,move,"(101, 85)",1,0.0227272727272727,0.010919855300827,228,266,272,272
97388,fill nocolor B1,fill,"(58, 61)",1,0.0238095238095237,0.0047999984671466,230,240,272,272
97388,clear nocolor B,clear,"(64, 50)",1,0.0166666666666666,0.005271953184556,212,231,272,272
97388,uncover red all,uncover,"(79, 98)",1,0.0227272727272727,0.6798278468198992,228,271,272,272
97388,clear nocolor C2,clear,"(69, 102)",1,0.0222222222222222,0.0056459206744858,227,251,272,272
97388,fill nocolor C2,fill,"(103, 70)",1,0.0256410256410256,0.0128588744418847,233,270,272,272
26365,uncover green all,uncover,"(65, 87)",1,0.0333333333333333,0.0215003555608866,259,268,289,289
26365,clear nocolor C,clear,"(102, 54)",1,0.0138888888888888,0.0146028986837963,217,259,289,289
26365,uncover red all,uncover,"(88, 86)",1,0.02,0.016111118220183,239,269,289,289
26365,move green A2,move,"(79, 94)",1,0.027027027027027,0.0175579833468775,252,268,289,289
26365,cover red all,cover,"(79, 60)",1,0.0175438596491228,0.0168612499019135,232,268,289,289
26365,move red B2,move,"(107, 81)",1,0.0222222222222222,0.0302248249182139,244,279,289,289
26365,fill nocolor B2,fill,"(77, 82)",1,0.0238095238095238,0.0141480685812335,247,251,289,289
26365,fill nocolor C1,fill,"(65, 84)",1,0.0238095238095238,0.0144108666704361,247,257,289,289
26365,cover blue all,cover,"(105, 70)",1,0.0135135135135135,0.0134473314055354,215,267,289,289
26365,clear nocolor A2,clear,"(77, 54)",1,0.0333333333333333,0.0148115375633011,259,264,289,289
62686,fill nocolor C2,fill,"(68, 88)",1,0.0256410256410256,0.0285132090538004,233,264,272,272
62686,fill nocolor A2,fill,"(73, 76)",1,0.0256410256410256,0.0038106314318045,233,238,272,272
62686,uncover blue all,uncover,"(77, 75)",1,0.0227272727272727,0.0067593383850977,228,253,272,272
62686,move green A,move,"(98, 92)",1,0.027027027027027,0.0363102098035842,235,263,272,272
62686,move red C,move,"(90, 88)",1,0.0212765957446808,0.0232870185825487,225,253,272,272
62686,cover green all,cover,"(79, 80)",1,0.0217391304347826,0.0374067100697332,226,267,272,272
62686,clear nocolor B2,clear,"(81, 96)",1,0.0222222222222222,0.0304029750156597,227,266,272,272
62686,uncover red all,uncover,"(79, 96)",1,0.0333333333333333,0.3932410129454876,242,271,272,272
62686,clear nocolor A,clear,"(73, 96)",1,0.0166666666666666,0.0039318002991718,212,222,272,272
62686,cover blue all,cover,"(90, 55)",1,0.0175438596491228,0.4694366316430541,215,271,272,272
31601,move red B,move,"(88, 68)",1,0.0112841831710984,0.0041506736108552,212,245,272,272
31601,uncover green all,uncover,"(73, 54)",1,0.0158268524110583,0.0050744836488436,236,261,272,272
31601,uncover red all,uncover,"(88, 107)",1,0.0139379257666488,0.0050928058131987,227,261,272,272
31601,cover blue all,cover,"(87, 107)",0,0.0020656676787906,0.00270041371285,48,0,272,272
31601,cover green all,cover,"(58, 79)",0,0.0017304063850316,0.0028409803372519,34,0,272,272
31601,clear nocolor C,clear,"(88, 81)",1,0.0113218071887224,0.0040319435507407,212,213,272,272
31601,fill nocolor C2,fill,"(65, 107)",1,0.0126813181313885,0.0041672788457523,230,233,272,272
31601,clear nocolor B,clear,"(97, 54)",1,0.0113218071887223,0.0048211198562366,212,250,272,272
31601,fill nocolor B1,fill,"(65, 98)",1,0.0126813181313885,0.004343394434061,230,243,272,272
31601,move blue C,move,"(87, 74)",-1,0.0004103345424653,0.0034766154123212,0,0,272,272
67505,fill nocolor B1,fill,"(77, 80)",1,0.0256410256410256,0.0085315625773244,233,233,272,272
67505,uncover blue all,uncover,"(77, 58)",1,0.0166666666666666,0.0190326184575624,212,267,272,272
67505,uncover red all,uncover,"(76, 74)",1,0.0312499999999999,0.0194720140832503,240,250,272,272
67505,fill nocolor A1,fill,"(75, 37)",1,0.0256410256410256,0.0429125187949048,233,271,272,272
67505,cover blue all,cover,"(103, 37)",1,0.024390243902439,0.0206816622960165,231,248,272,272
67505,cover green all,cover,"(55, 74)",1,0.0136986301369862,0.0077643614916509,199,211,272,272
67505,move green C,move,"(60, 105)",1,0.0166666666666666,0.0051556757613879,212,212,272,272
67505,clear nocolor A2,clear,"(75, 74)",1,0.0222222222222222,0.0144515055918088,227,243,272,272
67505,move red C2,move,"(79, 105)",1,0.0196078431372548,0.0108789308982971,221,231,272,272
67505,clear nocolor C,clear,"(86, 64)",1,0.0208333333333333,0.0127108064931106,224,236,272,272
39232,uncover blue all,uncover,"(54, 98)",1,0.0333333333333333,0.0031814346955567,242,245,272,272
39232,clear nocolor B,clear,"(97, 105)",1,0.0166666666666666,0.0062151979824625,212,271,272,272
39232,move blue B,move,"(66, 98)",1,0.0238095238095238,0.0047066071343367,230,246,272,272
39232,fill nocolor A2,fill,"(78, 77)",1,0.0256410256410256,0.0045658320868738,233,239,272,272
39232,uncover green all,uncover,"(54, 77)",1,0.0227272727272727,0.0041732577775731,228,245,272,272
39232,cover red all,cover,"(75, 36)",1,0.024390243902439,0.004959367894255,231,264,272,272
39232,move green C,move,"(82, 105)",1,0.027027027027027,0.0073349897510823,235,256,272,272
39232,clear nocolor B1,clear,"(97, 83)",1,0.0333333333333333,0.0151818483322551,242,269,272,272
39232,fill nocolor B2,fill,"(97, 81)",1,0.0256410256410256,0.0119900033219289,233,271,272,272
39232,cover green all,cover,"(78, 55)",1,0.0175438596491228,0.0024228032994915,215,231,272,272
36524,uncover blue all,uncover,"(77, 75)",1,0.0229383729188499,0.0062659924188559,279,295,306,306
36524,fill nocolor A2,fill,"(92, 76)",1,0.0148279757528498,0.0268625837088479,261,303,306,306
36524,move blue A1,move,"(92, 76)",0,0.0018209700337973,0.0022081488514507,93,238,306,306
36524,clear nocolor C,clear,"(67, 61)",1,0.0112075031299971,0.0035252676820996,234,238,306,306
36524,cover green all,cover,"(104, 66)",1,0.011528036324535,0.1109467659612974,239,303,306,306
36524,move green A2,move,"(77, 74)",0,0.0017745280217048,0.0020379625615869,77,90,306,306
36524,clear nocolor B,clear,"(60, 66)",1,0.011207503129997,0.0031195454100976,234,234,306,306
36524,fill nocolor B2,fill,"(67, 61)",0,0.0015084963375374,0.0017615886301428,45,55,306,306
36524,cover red all,cover,"(72, 74)",1,0.0096553896123319,0.011244175868138,222,298,306,306
36524,uncover red all,uncover,"(73, 54)",1,0.0209953967788388,0.0172066944390679,274,304,306,306
78276,cover blue all,cover,"(60, 37)",1,0.010204081632653,0.0103265834980861,174,222,272,272
78276,uncover red all,uncover,"(80, 92)",1,0.0208333333333333,0.0136310163265284,224,238,272,272
78276,move red C,move,"(90, 107)",1,0.015625,0.0119634412181394,208,235,272,272
78276,clear nocolor B1,clear,"(60, 92)",1,0.0222222222222222,0.0083251731976034,227,228,272,272
78276,uncover blue all,uncover,"(76, 92)",1,0.037037037037037,0.0207664739039789,245,254,272,272
78276,cover green all,cover,"(55, 42)",1,0.0175438596491228,0.0069028000460838,215,217,272,272
78276,clear nocolor A2,clear,"(76, 107)",1,0.0222222222222222,0.0088313485376737,227,228,272,272
78276,fill nocolor A2,fill,"(55, 77)",1,0.0256410256410256,0.0089299193539843,233,233,272,272
78276,fill nocolor C2,fill,"(104, 69)",1,0.0238095238095238,0.025904154061059,230,266,272,272
78276,move green C1,move,"(60, 66)",1,0.027027027027027,0.0326693111913022,235,263,272,272
99977,move green B,move,"(73, 48)",0,0.0006239942554876,0.0007691151065949,60,102,272,272
99977,cover red all,cover,"(70, 64)",1,0.0126879667457898,0.0236045136333631,198,267,272,272
99977,fill nocolor C1,fill,"(70, 85)",1,0.0224430129977013,0.0183320052237196,233,259,272,272
99977,cover green all,cover,"(56, 55)",1,0.0164084218924667,0.0113038909941487,216,235,272,272
99977,uncover green all,uncover,"(77, 58)",1,0.022630163579133,0.0195193086989731,232,255,272,272
99977,uncover blue all,uncover,"(82, 101)",1,0.022630163579133,0.0134291906172429,232,248,272,272
99977,clear nocolor B2,clear,"(82, 48)",1,0.0278497551633789,0.0117851808423958,242,244,272,272
99977,fill nocolor A2,fill,"(78, 59)",1,0.0224430129977013,0.0165412544237491,233,251,272,272
99977,clear nocolor A,clear,"(56, 79)",1,0.0131300387869505,0.009875398831771,200,218,272,272
99977,move blue C,move,"(81, 85)",1,0.0176482513350065,0.0245025103698282,220,260,272,272
50905,cover green all,cover,"(71, 88)",1,0.0153846153846153,0.0044162234837999,241,243,306,306
50905,cover red all,cover,"(75, 76)",1,0.0099999999999999,0.0071583027329855,206,240,306,306
50905,clear nocolor A,clear,"(77, 79)",1,0.0138888888888888,0.0120071925719177,234,259,306,306
50905,uncover red all,uncover,"(85, 79)",1,0.0333333333333333,0.0284086989874189,276,289,306,306
50905,clear nocolor C1,clear,"(85, 73)",1,0.0222222222222222,0.0093046016282015,261,269,306,306
50905,fill nocolor C1,fill,"(83, 84)",1,0.0222222222222222,0.0162911392426801,261,276,306,306
50905,fill nocolor B2,fill,"(85, 65)",1,0.0222222222222222,0.0299280475530046,261,292,306,306
50905,move blue B,move,"(72, 79)",1,0.037037037037037,0.0496153736136376,279,301,306,306
50905,uncover blue all,uncover,"(82, 84)",1,0.025,0.0165536788356042,266,275,306,306
50905,move red B2,move,"(87, 63)",1,0.032258064516129,0.0246359979847429,275,285,306,306
75842,cover blue all,cover,"(75, 41)",1,0.0125,0.0074024327160201,209,236,289,289
75842,fill nocolor B1,fill,"(59, 96)",1,0.0222222222222222,0.0082136580422593,244,248,289,289
75842,cover green all,cover,"(72, 55)",1,0.0101010101010101,0.0109304260447785,190,254,289,289
75842,clear nocolor A,clear,"(72, 96)",1,0.0138888888888888,0.0094204994185636,217,245,289,289
75842,clear nocolor C,clear,"(102, 81)",1,0.0138888888888888,0.0138901661250493,217,251,289,289
75842,fill nocolor A1,fill,"(79, 54)",1,0.0238095238095238,0.023851510252113,247,266,289,289
75842,move blue C2,move,"(104, 88)",1,0.037037037037037,0.0353294471674657,262,279,289,289
75842,move blue C,move,"(79, 85)",1,0.03125,0.0366615750599659,257,281,289,289
75842,uncover green all,uncover,"(75, 76)",1,0.037037037037037,0.0178965342710388,262,274,289,289
75842,uncover red all,uncover,"(80, 96)",1,0.02,0.0115206934868963,239,263,289,289
49589,uncover blue all,uncover,"(75, 38)",0,0.0017116051655972,0.0035046998528294,120,252,289,289
49589,uncover green all,uncover,"(56, 91)",1,0.0168279443147903,0.0068672077821936,239,245,289,289
49589,move red B1,move,"(56, 62)",1,0.0178703737888082,0.0108131117841824,244,253,289,289
49589,clear nocolor B1,clear,"(80, 65)",1,0.0173292807975299,0.0162857291066484,244,276,289,289
49589,clear nocolor B2,clear,"(81, 62)",1,0.0173292807975299,0.017043365725873,244,277,289,289
49589,move red A2,move,"(56, 57)",1,0.0179826727155149,0.0103109972862823,244,257,289,289
49589,fill nocolor C2,fill,"(58, 89)",1,0.0182757328928819,0.0069478644244936,247,247,289,289
49589,cover green all,cover,"(58, 54)",1,0.0136641527746958,0.0099125222609552,227,251,289,289
49589,fill nocolor A2,fill,"(56, 57)",1,0.0182757328928818,0.0080250121335111,247,250,289,289
49589,cover blue all,cover,"(75, 40)",0,0.0005667158309507,0.0011189267928716,21,168,289,289
53463,fill nocolor A1,fill,"(75, 56)",1,0.0238095238095238,0.0349611587963097,247,288,289,289
53463,fill nocolor C1,fill,"(65, 84)",1,0.0238095238095238,0.0050395355897574,247,247,289,289
53463,clear nocolor A,clear,"(55, 97)",1,0.0138888888888889,0.0055786260108449,217,219,289,289
53463,clear nocolor C2,clear,"(105, 84)",1,0.0222222222222222,0.0184790401345853,244,270,289,289
53463,move green A1,move,"(80, 56)",1,0.0416666666666666,0.0351116410611709,265,278,289,289
53463,move red C2,move,"(55, 87)",1,0.0163934426229508,0.0174604955907896,228,270,289,289
53463,uncover red all,uncover,"(64, 97)",1,0.0142857142857143,0.008631448450487,219,232,289,289
53463,cover red all,cover,"(64, 88)",1,0.027027027027027,0.0133511745063984,252,256,289,289
53463,cover blue all,cover,"(80, 57)",1,0.0172413793103448,0.0164872993189187,231,249,289,289
53463,uncover blue all,uncover,"(55, 97)",1,0.0181818181818181,0.0075660034698686,234,244,289,289
27371,move green A,move,"(58, 104)",0,0.0004278440163906,0.0033987421088818,68,0,272,272
27371,cover blue all,cover,"(107, 52)",1,0.0097079968812526,0.0722536512185998,174,264,272,272
27371,move red C2,move,"(58, 89)",1,0.0478185876354275,0.0050587503475341,257,257,272,272
27371,fill nocolor B2,fill,"(70, 64)",1,0.0223354509688636,0.0042722857296226,233,236,272,272
27371,clear nocolor B,clear,"(61, 54)",1,0.0131022425953683,0.0041058299254785,200,219,272,272
27371,uncover green all,uncover,"(70, 87)",1,0.0149174308973748,0.003978355861633,209,219,272,272
27371,uncover red all,uncover,"(70, 87)",1,0.0205949153153572,0.0028408475538933,228,237,272,272
27371,cover red all,cover,"(70, 89)",1,0.0117449765697727,0.0022950385737029,192,225,272,272
27371,clear nocolor A,clear,"(72, 89)",1,0.0155011697391179,0.0047969083058257,212,232,272,272
27371,fill nocolor B1,fill,"(72, 43)",1,0.0223354509688636,0.0066382064786718,233,256,272,272
20272,fill nocolor C2,fill,"(70, 68)",-1,4.009457238297694e-05,0.0026666663223498,0,0,306,306
20272,move red C1,move,"(97, 84)",1,0.0363371773612763,0.0197754342446115,288,294,306,306
20272,cover green all,cover,"(107, 87)",1,0.0133156403707167,0.1281996780253957,240,299,306,306
20272,clear nocolor A2,clear,"(75, 54)",1,0.0180937726880311,0.0119328938012829,261,302,306,306
20272,clear nocolor C1,clear,"(67, 65)",1,0.0180937726880311,0.0039916933568464,261,266,306,306
20272,cover blue all,cover,"(73, 54)",1,0.0131565576653634,0.0015789184920164,239,299,306,306
20272,move red A1,move,"(94, 56)",1,0.0363371773612762,0.0507311675986049,288,304,306,306
20272,uncover green all,uncover,"(72, 55)",1,0.0209744901514765,0.0047640496132276,266,293,306,306
20272,fill nocolor B2,fill,"(67, 65)",1,0.0180937726880311,0.0036201881333674,261,262,306,306
20272,uncover blue all,uncover,"(86, 87)",1,0.0173851875301496,0.0031684796988441,256,281,306,306
19487,cover red all,cover,"(78, 38)",1,0.0164704021106709,0.0222751744367513,216,256,272,272
19487,move green C,move,"(72, 84)",1,0.0181422111841762,0.026200979004632,221,266,272,272
19487,cover green all,cover,"(75, 55)",1,0.0177075341985516,0.0166512270786408,220,251,272,272
19487,uncover blue all,uncover,"(56, 54)",1,0.0251223417910254,0.0141862938618963,236,246,272,272
19487,fill nocolor A2,fill,"(56, 94)",1,0.0209977366911331,0.0062067251932924,230,233,272,272
19487,fill nocolor B1,fill,"(100, 61)",1,0.0225734124255634,0.0302557628426406,233,263,272,272
19487,clear nocolor A2,clear,"(77, 61)",1,0.0280634082441237,0.017926046335589,242,254,272,272
19487,move red A1,move,"(56, 54)",0,0.0005665904829066,0.0007268767747637,71,80,272,272
19487,uncover green all,uncover,"(56, 94)",1,0.0185518072674516,0.0065835826566339,222,226,272,272
19487,clear nocolor C2,clear,"(105, 84)",1,0.0198826135471267,0.0126230101722952,227,244,272,272
20340,fill nocolor C2,fill,"(64, 88)",1,0.0238095238095238,0.0042575759245966,247,252,289,289
20340,move blue B,move,"(73, 78)",1,0.0208333333333333,0.0058979482975823,241,279,289,289
20340,clear nocolor A2,clear,"(75, 83)",1,0.0222222222222222,0.0043656612948639,244,252,289,289
20340,uncover red all,uncover,"(77, 92)",1,0.0277777777777777,0.0040770884817505,253,279,289,289
20340,uncover blue all,uncover,"(73, 92)",1,0.0222222222222222,0.2341824249430907,244,288,289,289
20340,clear nocolor B2,clear,"(64, 78)",1,0.0222222222222222,0.0044778633855251,244,258,289,289
20340,cover blue all,cover,"(102, 51)",1,0.0178571428571428,0.0030461646341797,233,279,289,289
20340,move green C,move,"(72, 84)",1,0.0192307692307692,0.0041546855566978,237,242,289,289
20340,cover green all,cover,"(102, 71)",1,0.0138888888888888,0.0023079168264555,217,277,289,289
20340,fill nocolor C1,fill,"(69, 84)",1,0.0238095238095238,0.0044417073549553,247,260,289,289
68825,uncover blue all,uncover,"(90, 77)",0,0.0006512664107554,0.0009299286856368,108,176,306,306
68825,clear nocolor C,clear,"(86, 81)",1,0.0130248987905402,0.013068648419356,234,262,306,306
68825,cover blue all,cover,"(95, 57)",1,0.0117263680380957,0.0118899665042866,226,288,306,306
68825,move green A,move,"(78, 77)",1,0.0210616614763408,0.0136374016392492,264,275,306,306
68825,fill nocolor A2,fill,"(56, 77)",1,0.0194837449441209,0.0110571875829174,261,262,306,306
68825,fill nocolor C2,fill,"(86, 89)",1,0.0194837449441209,0.0185406395206121,261,283,306,306
68825,uncover green all,uncover,"(87, 68)",1,0.0223763185960649,0.0109157614252775,266,268,306,306
68825,cover red all,cover,"(87, 70)",1,0.0119914683661681,0.0092845843781884,228,269,306,306
68825,move red B1,move,"(95, 60)",1,0.019877733895625,0.0251497824138826,261,303,306,306
68825,clear nocolor C1,clear,"(86, 89)",1,0.0194837449441209,0.0168885173607676,261,279,306,306
13662,cover green all,cover,"(63, 46)",0,0.0002389820277748,0.0006985000021125,9,168,289,289
13662,uncover red all,uncover,"(64, 106)",1,0.0183700556203238,0.0033348918888482,239,246,289,289
13662,cover blue all,cover,"(105, 89)",1,0.0141566521747194,0.1810458476195516,224,286,289,289
13662,clear nocolor A1,clear,"(56, 77)",1,0.0195844243929611,0.008880636691808,244,282,289,289
13662,clear nocolor C,clear,"(84, 79)",1,0.0154450262169108,0.0051227405272346,229,245,289,289
13662,fill nocolor A2,fill,"(60, 77)",1,0.0208057428868992,0.0041795944272204,247,251,289,289
13662,move green A2,move,"(64, 77)",1,0.0274664706086479,0.0049836137246227,258,270,289,289
13662,uncover blue all,uncover,"(64, 106)",1,0.0226766934866476,0.0042567467180834,249,256,289,289
13662,fill nocolor C2,fill,"(56, 106)",1,0.0194521670438785,0.0041850382231549,244,255,289,289
13662,move green C,move,"(64, 86)",1,0.0213059012200184,0.0041788955374845,247,253,289,289
29690,fill nocolor C1,fill,"(54, 84)",1,0.0201021380854796,0.0091826125695704,233,233,272,272
29690,cover red all,cover,"(54, 42)",1,0.0148466885208065,0.0094829312890724,214,216,272,272
29690,clear nocolor C2,clear,"(105, 84)",1,0.0179446654651791,0.0112250099299957,227,240,272,272
29690,uncover blue all,uncover,"(85, 89)",1,0.0145991262746257,0.011632947260287,212,246,272,272
29690,uncover red all,uncover,"(75, 92)",1,0.017572240565682,0.0091347864048402,224,228,272,272
29690,fill nocolor C2,fill,"(62, 89)",1,0.0201021380854796,0.0094307757149978,233,233,272,272
29690,cover blue all,cover,"(85, 89)",-1,7.024627290001875e-05,0.0002523233514962,0,22,272,272
29690,clear nocolor C1,clear,"(85, 99)",1,0.0179446654651791,0.0087927692187221,227,230,272,272
29690,move red A,move,"(60, 92)",1,0.0245571356789293,0.014532542191466,242,247,272,272
29690,move red C,move,"(62, 89)",1,0.0237362745782306,0.0112406245120217,240,240,272,272
92567,uncover green all,uncover,"(76, 95)",1,0.02,0.0087969925175738,222,239,272,272
92567,move red A,move,"(79, 74)",1,0.0185185185185185,0.0157786980656502,218,245,272,272
92567,move green B1,move,"(89, 60)",1,0.0277777777777777,0.0232885026498759,236,259,272,272
92567,clear nocolor A,clear,"(57, 60)",1,0.0166666666666666,0.0107736159613785,212,227,272,272
92567,fill nocolor A2,fill,"(63, 95)",1,0.0238095238095238,0.0068596292369482,230,230,272,272
92567,clear nocolor A2,clear,"(57, 55)",1,0.0333333333333333,0.0172337283942753,242,249,272,272
92567,uncover blue all,uncover,"(57, 74)",1,0.02,0.0101831235046566,222,230,272,272
92567,cover blue all,cover,"(80, 60)",1,0.0192307692307692,0.0184703344148789,220,260,272,272
92567,fill nocolor B2,fill,"(80, 64)",1,0.0256410256410256,0.0230597882743608,233,255,272,272
92567,cover green all,cover,"(85, 71)",1,0.0175438596491228,0.0222969472439536,215,267,272,272
96815,move green B2,move,"(56, 101)",1,0.0263157894736842,0.0132072039260272,251,265,289,289
96815,uncover green all,uncover,"(81, 101)",1,0.0277777777777777,0.0140485902141621,253,269,289,289
96815,fill nocolor A2,fill,"(81, 76)",1,0.0238095238095238,0.0147957746640171,247,254,289,289
96815,cover blue all,cover,"(81, 60)",1,0.0140845070422535,0.0158996398779847,218,279,289,289
96815,clear nocolor A2,clear,"(95, 101)",1,0.0222222222222222,0.0128686582635787,244,260,289,289
96815,move red C,move,"(100, 88)",1,0.027027027027027,0.0306733714677736,252,280,289,289
96815,uncover red all,uncover,"(73, 72)",1,0.025,0.0332095241162541,249,286,289,289
96815,clear nocolor B,clear,"(78, 76)",1,0.0166666666666666,0.0065630793618628,229,234,289,289
96815,fill nocolor C2,fill,"(86, 89)",1,0.0238095238095238,0.0180712151287789,247,273,289,289
96815,cover red all,cover,"(78, 39)",1,0.0135135135135134,0.0075836096594335,215,234,289,289
85609,move blue B2,move,"(54, 100)",1,0.0169491525423728,0.004730620755326,179,182,238,238
85609,clear nocolor C1,clear,"(68, 107)",1,0.0222222222222222,0.0055766949138432,193,199,238,238
85609,clear nocolor B,clear,"(80, 77)",1,0.0277777777777777,0.0056067141524142,202,203,238,238
85609,cover red all,cover,"(84, 85)",1,0.02,0.0237032262921169,188,234,238,238
85609,cover green all,cover,"(95, 40)",1,0.0192307692307692,0.15159369391429,186,235,238,238
85609,fill nocolor A1,fill,"(57, 55)",1,0.0303030303030302,0.0069367723952827,205,214,238,238
85609,move red A2,move,"(73, 77)",1,0.0222222222222222,0.0060713372803775,193,218,238,238
85609,uncover green all,uncover,"(73, 77)",1,0.02,0.0055161623451321,188,220,238,238
85609,fill nocolor C2,fill,"(68, 107)",1,0.0277777777777777,0.0064794869420385,202,217,238,238
85609,uncover red all,uncover,"(54, 97)",1,0.0222222222222222,0.0051477119268095,193,198,238,238
26316,cover red all,cover,"(93, 55)",1,0.0169491525423728,0.0192679893063127,230,274,289,289
26316,clear nocolor C,clear,"(84, 54)",1,0.0138888888888888,0.0174100963524524,217,280,289,289
26316,uncover blue all,uncover,"(58, 54)",1,0.0277777777777777,0.0082096178576799,253,265,289,289
26316,cover blue all,cover,"(58, 75)",1,0.0126582278481012,0.0040128965548139,210,223,289,289
26316,fill nocolor B2,fill,"(79, 81)",1,0.0238095238095238,0.0290029818641283,247,280,289,289
26316,uncover red all,uncover,"(82, 81)",1,0.0166666666666666,0.0300209804142284,229,280,289,289
26316,fill nocolor A2,fill,"(73, 75)",1,0.0238095238095238,0.0190709900876597,247,270,289,289
26316,move green B2,move,"(72, 81)",1,0.0344827586206896,0.0111097654412756,260,269,289,289
26316,clear nocolor B1,clear,"(96, 54)",1,0.0222222222222222,0.0390187982143528,244,283,289,289
26316,move red C1,move,"(87, 85)",1,0.037037037037037,0.0607356738164446,262,283,289,289
40168,fill nocolor B2,fill,"(83, 100)",0,0.0023856784033772,0.0022506078052467,30,65,289,289
40168,fill nocolor A2,fill,"(75, 76)",0,0.002516693883022,0.0022602032661975,45,85,289,289
40168,move green C,move,"(83, 68)",1,0.0115472068520585,0.0063876534162366,245,245,289,289
40168,clear nocolor C2,clear,"(87, 100)",1,0.0107542196134647,0.0063402559634562,244,258,289,289
40168,uncover green all,uncover,"(83, 59)",-1,0.0005854387736893,0.001399662309347,0,0,289,289
40168,cover blue all,cover,"(75, 74)",1,0.0082866009427654,0.005172759810056,210,225,289,289
40168,cover red all,cover,"(67, 88)",0,0.0018798790648264,0.0021781315886785,34,111,289,289
40168,uncover blue all,uncover,"(83, 100)",1,0.0142879475116987,0.010637124836862,259,279,289,289
40168,clear nocolor B,clear,"(99, 84)",1,0.0100682533885478,0.009345722546341,229,264,289,289
40168,move red A,move,"(78, 76)",1,0.0117132672097264,0.0072299898580525,245,261,289,289
51310,move green B,move,"(105, 42)",1,0.0166666666666666,0.0072793526117771,212,266,272,272
51310,uncover green all,uncover,"(74, 72)",1,0.0158730158730158,0.0064173045318163,209,266,272,272
51310,uncover red all,uncover,"(61, 62)",1,0.0303030303030302,0.2002257543036162,239,270,272,272
51310,move blue B,move,"(74, 42)",1,0.0333333333333333,0.0096854597062191,242,257,272,272
51310,clear nocolor C,clear,"(67, 81)",1,0.0138888888888888,0.0041508889850551,200,208,272,272
51310,fill nocolor C1,fill,"(88, 66)",1,0.0256410256410256,0.0136156992984483,233,267,272,272
51310,cover red all,cover,"(60, 43)",1,0.0135135135135134,0.0004236767818134,198,218,272,272
51310,clear nocolor C2,clear,"(88, 66)",1,0.0222222222222221,0.0106671021925935,227,262,272,272
51310,cover green all,cover,"(61, 42)",1,0.0333333333333333,0.0181173412486316,242,269,272,272
51310,fill nocolor C2,fill,"(67, 89)",1,0.0256410256410256,0.0062653146166085,233,243,272,272
50933,fill nocolor B2,fill,"(80, 99)",1,0.0107989487129,0.0066455127722571,244,256,289,289
50933,move red A,move,"(80, 74)",1,0.0118527221897041,0.0072912908820524,245,249,289,289
50933,uncover red all,uncover,"(76, 73)",1,0.0130155952477575,0.0105336793331902,249,276,289,289
50933,clear nocolor B2,clear,"(82, 79)",1,0.0127712589097706,0.014346854617395,259,271,289,289
50933,fill nocolor C2,fill,"(82, 87)",1,0.0114012106638514,0.007251004375045,247,257,289,289
50933,cover green all,cover,"(92, 58)",0,0.0023507459247063,0.0023904725377087,53,216,289,289
50933,uncover green all,uncover,"(91, 62)",-1,0.0005429265786825,0.0014875109604644,0,53,289,289
50933,move blue B,move,"(82, 74)",0,0.0025191275378412,0.0022485715657332,80,125,289,289
50933,cover blue all,cover,"(82, 74)",0,0.0014609503373606,0.0019108601983698,19,49,289,289
50933,clear nocolor A2,clear,"(59, 79)",1,0.0110411663542557,0.0064196304308023,244,250,289,289
37196,move green A1,move,"(78, 74)",1,0.0308056756202621,0.0050786993665244,262,273,289,289
37196,fill nocolor C2,fill,"(82, 83)",0,0.0006031346895147,0.0033765860331503,45,240,289,289
37196,clear nocolor A,clear,"(55, 104)",1,0.0130864936926174,0.0037116611391985,217,229,289,289
37196,cover blue all,cover,"(66, 85)",1,0.0085071112723656,0.0025275674460076,176,217,289,289
37196,uncover green all,uncover,"(82, 104)",1,0.0225300017032827,0.0041716486472251,249,262,289,289
37196,fill nocolor A2,fill,"(55, 59)",1,0.020890075729793,0.0040733761727974,247,251,289,289
37196,move blue C1,move,"(92, 104)",1,0.0275984565247654,0.0084364541518669,258,286,289,289
37196,clear nocolor A1,clear,"(55, 59)",1,0.0196590646850068,0.0040890401773491,244,261,289,289
37196,cover green all,cover,"(76, 36)",1,0.0118892233029298,0.0028317912771246,210,258,289,289
37196,uncover red all,uncover,"(76, 57)",1,0.0149125377505377,0.0047895588054264,226,286,289,289
79463,uncover blue all,uncover,"(61, 80)",1,0.0227272727272727,0.0152145003240471,262,276,306,306
79463,move blue A2,move,"(84, 77)",1,0.04,0.0474335706633293,281,300,306,306
79463,fill nocolor C1,fill,"(88, 85)",1,0.0222222222222222,0.0232957125573836,261,304,306,306
79463,clear nocolor B,clear,"(61, 73)",1,0.0138888888888888,0.0046323612043277,234,234,306,306
79463,uncover red all,uncover,"(87, 89)",1,0.0333333333333333,0.0145637196213125,276,279,306,306
79463,fill nocolor B1,fill,"(99, 80)",1,0.0222222222222222,0.0122056073120045,261,269,306,306
79463,move red C,move,"(61, 85)",1,0.0277777777777777,0.0097567679992921,270,270,306,306
79463,clear nocolor A,clear,"(58, 80)",1,0.0138888888888888,0.0088025535506206,234,236,306,306
79463,cover red all,cover,"(54, 73)",1,0.01,0.0095088921117649,206,271,306,306
79463,cover green all,cover,"(61, 80)",1,0.0114942528735632,0.0071055059762711,219,223,306,306
27392,move blue A,move,"(81, 75)",1,0.027027027027027,0.0121844243812431,235,239,272,272
27392,fill nocolor B2,fill,"(97, 82)",1,0.0256410256410256,0.0141800190346965,233,242,272,272
27392,cover green all,cover,"(88, 53)",1,0.0151515151515151,0.0088552485140522,206,218,272,272
27392,uncover blue all,uncover,"(55, 59)",1,0.0333333333333333,0.0239397995636953,242,255,272,272
27392,uncover green all,uncover,"(84, 82)",1,0.0227272727272727,0.0182668317664957,228,252,272,272
27392,move red B,move,"(77, 96)",1,0.0227272727272727,0.0187793592017306,228,255,272,272
27392,clear nocolor A2,clear,"(77, 96)",1,0.0222222222222222,0.0117641330188459,227,227,272,272
27392,clear nocolor C1,clear,"(84, 82)",1,0.0222222222222222,0.0133858278438256,227,232,272,272
27392,fill nocolor C1,fill,"(83, 86)",1,0.0256410256410256,0.0098093672261246,233,234,272,272
27392,cover red all,cover,"(83, 82)",1,0.0192307692307692,0.0120828486324065,220,231,272,272
80393,cover blue all,cover,"(78, 79)",1,0.0178571428571428,0.016520217598433,216,258,272,272
80393,uncover red all,uncover,"(67, 83)",1,0.0181818181818181,0.0063672125462614,217,227,272,272
80393,clear nocolor C2,clear,"(87, 84)",1,0.0222222222222222,0.0201317280745704,227,256,272,272
80393,move green A1,move,"(77, 72)",1,0.037037037037037,0.0383518054013585,245,264,272,272
80393,cover green all,cover,"(78, 59)",1,0.0124999999999999,0.0242272577117118,192,260,272,272
80393,fill nocolor C2,fill,"(68, 71)",1,0.0256410256410256,0.0096352434137573,233,234,272,272
80393,fill nocolor A1,fill,"(57, 72)",1,0.0256410256410256,0.010224568826014,233,238,272,272
80393,clear nocolor B,clear,"(78, 94)",1,0.0166666666666666,0.0092072385417479,212,220,272,272
80393,move green B2,move,"(67, 82)",1,0.0399999999999999,0.0371529764937035,247,262,272,272
80393,uncover green all,uncover,"(73, 72)",1,0.0227272727272727,0.0310292774691919,228,266,272,272
94317,move blue B,move,"(56, 61)",1,0.0192307692307692,0.006773950901947,203,249,255,255
94317,cover green all,cover,"(72, 73)",1,0.0151515151515151,0.0016217607855572,189,214,255,255
94317,cover red all,cover,"(56, 75)",1,0.024390243902439,0.0052399318151014,214,229,255,255
94317,uncover red all,uncover,"(72, 73)",1,0.02,0.0055111991233943,205,242,255,255
94317,clear nocolor C,clear,"(84, 83)",1,0.0208333333333333,0.005000631411071,207,219,255,255
94317,fill nocolor C2,fill,"(63, 106)",1,0.0238095238095238,0.0043763529577613,213,213,255,255
94317,clear nocolor B1,clear,"(80, 45)",1,0.0222222222222222,0.0095137826539074,210,249,255,255
94317,fill nocolor A1,fill,"(76, 73)",1,0.0277777777777777,0.0056472425133713,219,230,255,255
94317,move blue C,move,"(56, 66)",1,0.0161290322580645,0.0045604347521753,193,201,255,255
94317,uncover green all,uncover,"(56, 54)",1,0.037037037037037,0.0084585868299166,228,254,255,255
70176,fill nocolor C1,fill,"(88, 85)",1,0.0277777777777777,0.0323002926153855,219,250,255,255
70176,fill nocolor A1,fill,"(57, 54)",1,0.0277777777777777,0.0047319754031715,219,225,255,255
70176,move blue A2,move,"(74, 77)",1,0.0344827586206896,0.0464561161592909,226,252,255,255
70176,clear nocolor A1,clear,"(73, 97)",1,0.0222222222222222,0.0054259695909322,210,225,255,255
70176,uncover blue all,uncover,"(72, 55)",1,0.025,0.0011497749930541,215,233,255,255
70176,cover red all,cover,"(95, 40)",1,0.0344827586206896,0.9943144735944032,226,254,255,255
70176,clear nocolor B2,clear,"(82, 97)",1,0.0222222222222222,0.0055922479313677,210,226,255,255
70176,uncover green all,uncover,"(80, 97)",1,0.037037037037037,0.0256011864548542,228,253,255,255
70176,move red A,move,"(71, 55)",1,0.037037037037037,0.0227955307681129,228,246,255,255
70176,cover green all,cover,"(74, 54)",1,0.0151515151515151,0.199707334271728,189,250,255,255
53968,cover blue all,cover,"(86, 106)",0,0.0005296201103673,0.0005535076479625,53,73,272,272
53968,clear nocolor B1,clear,"(97, 106)",1,0.0200134743340223,0.0127986678335035,227,242,272,272
53968,fill nocolor C1,fill,"(65, 85)",1,0.0227425316114298,0.0096918544422932,233,236,272,272
53968,move green A1,move,"(58, 90)",1,0.0504196259377246,0.0139839490385815,257,257,272,272
53968,cover green all,cover,"(59, 40)",1,0.0102944073089845,0.0163572918120726,179,270,272,272
53968,uncover blue all,uncover,"(63, 79)",1,0.0173907350284827,0.016234700973233,218,250,272,272
53968,uncover green all,uncover,"(78, 90)",1,0.0269879123719882,0.0199224786092133,239,257,272,272
53968,move blue C1,move,"(105, 84)",1,0.0154984374613322,0.0156086027891618,211,261,272,272
53968,clear nocolor C,clear,"(86, 60)",1,0.0156539871628221,0.0096374485289688,212,214,272,272
53968,fill nocolor B1,fill,"(75, 79)",1,0.0227425316114298,0.0235827087816628,233,251,272,272
73406,fill nocolor C2,fill,"(55, 88)",1,0.0208724495835016,0.0126373875640985,247,253,289,289
73406,cover red all,cover,"(55, 61)",0,0.0003030935209945,0.0005246796156808,30,62,289,289
73406,move red A,move,"(79, 75)",1,0.0164939970572212,0.0123275167110086,233,253,289,289
73406,uncover red all,uncover,"(55, 75)",1,0.0357787517051523,0.0205384612490087,265,273,289,289
73406,move blue A,move,"(83, 75)",1,0.0236759882268821,0.0203217107463939,252,270,289,289
73406,clear nocolor A,clear,"(76, 78)",1,0.0154739505750989,0.0107748855210016,229,249,289,289
73406,uncover blue all,uncover,"(74, 37)",1,0.0225144885361643,0.0189455072367268,249,277,289,289
73406,clear nocolor A1,clear,"(55, 75)",1,0.0196434671553061,0.0087321057767896,244,247,289,289
73406,fill nocolor A1,fill,"(76, 56)",1,0.0208724495835016,0.0142037138574738,247,260,289,289
73406,cover blue all,cover,"(55, 54)",1,0.0118842551500715,0.0068445713101668,210,219,289,289
16229,uncover red all,uncover,"(79, 76)",1,0.0222222222222222,0.0045503497027786,244,264,289,289
16229,clear nocolor B2,clear,"(83, 69)",1,0.0333333333333333,0.0046757652514223,259,260,289,289
16229,cover red all,cover,"(89, 78)",1,0.0153846153846153,0.0014677356022518,224,234,289,289
16229,cover blue all,cover,"(74, 73)",1,0.0136986301369862,0.0019409999167898,216,239,289,289
16229,clear nocolor A,clear,"(91, 64)",1,0.0138888888888888,0.0051374079091147,217,261,289,289
16229,uncover blue all,uncover,"(80, 36)",1,0.0277777777777778,0.0043551948704379,253,254,289,289
16229,move blue B2,move,"(79, 64)",1,0.0222222222222222,0.0081522231955475,244,286,289,289
16229,fill nocolor A1,fill,"(93, 56)",1,0.0238095238095238,0.01040929390914,247,280,289,289
16229,fill nocolor B2,fill,"(79, 64)",1,0.0222222222222222,0.0077127983693856,244,281,289,289
16229,move green A1,move,"(86, 36)",1,0.037037037037037,0.012134567770803,262,288,289,289
58601,uncover green all,uncover,"(76, 96)",1,0.0277777777777777,0.0126999646969852,236,245,272,272
58601,cover blue all,cover,"(74, 50)",1,0.024390243902439,0.0139269194611503,231,240,272,272
58601,move red C,move,"(75, 89)",1,0.0227272727272727,0.0086387571326038,228,231,272,272
58601,move blue C1,move,"(80, 67)",1,0.0285714285714285,0.0446201950684249,237,269,272,272
58601,fill nocolor A1,fill,"(80, 72)",1,0.0256410256410256,0.0324479793576956,233,262,272,272
58601,clear nocolor C,clear,"(68, 72)",1,0.0138888888888888,0.0107683767458854,200,220,272,272
58601,uncover blue all,uncover,"(75, 96)",1,0.0166666666666666,0.0082621911292962,212,223,272,272
58601,clear nocolor B,clear,"(80, 72)",1,0.0208333333333333,0.0175641206156944,224,236,272,272
58601,cover green all,cover,"(90, 56)",1,0.0149253731343283,0.0172278500144119,205,262,272,272
58601,fill nocolor B1,fill,"(90, 96)",1,0.0222222222222222,0.0221546395467686,227,258,272,272
28567,fill nocolor C2,fill,"(66, 89)",1,0.0256410256410256,0.0036764705882352,233,0,272,272
28567,move green C2,move,"(86, 89)",1,0.0277777777777777,0.0881411733515977,236,262,272,272
28567,fill nocolor B2,fill,"(66, 101)",1,0.0238095238095238,0.0036764705882352,230,0,272,272
28567,uncover green all,uncover,"(78, 79)",1,0.0333333333333333,0.0039958214863295,242,261,272,272
28567,cover red all,cover,"(56, 55)",1,0.0144927536231884,0.0036764705882352,203,0,272,272
28567,clear nocolor C,clear,"(66, 101)",1,0.0138888888888888,0.0036764705882352,200,0,272,272
28567,clear nocolor C1,clear,"(66, 82)",1,0.0222222222222222,0.0036764705882352,227,0,272,272
28567,uncover blue all,uncover,"(66, 69)",1,0.02,0.0036764705882352,222,0,272,272
28567,move red C2,move,"(81, 89)",1,0.0666666666666666,0.0253855660331993,257,258,272,272
28567,cover green all,cover,"(81, 80)",1,0.0136986301369863,0.0036764705882352,199,0,272,272
47326,cover green all,cover,"(75, 90)",-1,0.000207580290333,0.0023224457153553,0,0,289,289
47326,move red B1,move,"(96, 76)",0,0.0022703314154392,0.0031946899592504,84,0,289,289
47326,uncover blue all,uncover,"(94, 73)",0,0.0024201488534573,0.0030722923469711,94,0,289,289
47326,cover blue all,cover,"(79, 78)",1,0.0095437723330124,0.0029564203788089,209,236,289,289
47326,clear nocolor C1,clear,"(103, 63)",1,0.0135511868005866,0.0052363011004734,244,253,289,289
47326,move blue A2,move,"(96, 76)",1,0.0192197571627569,0.0084136680666851,264,283,289,289
47326,clear nocolor A2,clear,"(77, 61)",1,0.0135511868005866,0.0046577734152558,244,257,289,289
47326,fill nocolor B1,fill,"(64, 78)",1,0.0141139542045439,0.0043038790480182,247,252,289,289
47326,fill nocolor A1,fill,"(77, 90)",1,0.0132931773960079,0.0039639835515258,244,251,289,289
47326,uncover red all,uncover,"(62, 78)",1,0.0159835468275985,0.0048605058427394,249,273,289,289
37887,uncover red all,uncover,"(54, 55)",1,0.0277777777777777,0.0074413782557432,236,270,272,272
37887,cover blue all,cover,"(75, 36)",1,0.0136986301369863,0.0014024046785193,199,222,272,272
37887,clear nocolor A,clear,"(95, 98)",1,0.0138888888888889,0.0064140469869314,200,265,272,272
37887,move red C,move,"(75, 85)",1,0.0227272727272727,0.0048953309343222,228,236,272,272
37887,fill nocolor A2,fill,"(74, 77)",1,0.0256410256410256,0.0050625470872387,233,245,272,272
37887,cover red all,cover,"(95, 76)",1,0.0181818181818182,0.1537769588411802,217,267,272,272
37887,uncover blue all,uncover,"(60, 77)",1,0.0277777777777777,0.0045204350112474,236,247,272,272
37887,move red A1,move,"(75, 36)",1,0.027027027027027,0.0055376693312844,235,255,272,272
37887,clear nocolor B,clear,"(81, 71)",1,0.0208333333333333,0.004560364587495,224,236,272,272
37887,fill nocolor C1,fill,"(60, 85)",1,0.0256410256410256,0.003899383999728,233,233,272,272
64140,cover green all,cover,"(92, 57)",1,0.0094339622641509,0.0234324362830898,183,286,289,289
64140,uncover blue all,uncover,"(75, 100)",1,0.0222222222222222,0.0132406189678339,244,251,289,289
64140,uncover red all,uncover,"(78, 72)",1,0.025,0.0110788601247165,249,265,289,289
64140,move blue A2,move,"(90, 57)",1,0.0222222222222222,0.059280036439024,244,287,289,289
64140,fill nocolor B2,fill,"(62, 100)",1,0.0222222222222222,0.0049711235747372,244,244,289,289
64140,clear nocolor C1,clear,"(66, 72)",1,0.0222222222222222,0.0147186397841599,244,252,289,289
64140,cover red all,cover,"(91, 74)",1,0.0135135135135134,0.0170242813335509,215,270,289,289
64140,move blue C,move,"(90, 48)",1,0.0208333333333333,0.0288693317934502,241,271,289,289
64140,fill nocolor C2,fill,"(66, 51)",1,0.0238095238095238,0.0445873051337638,247,283,289,289
64140,clear nocolor A2,clear,"(75, 72)",1,0.0222222222222222,0.0175703322471241,244,271,289,289
79869,fill nocolor C2,fill,"(65, 88)",1,0.0256410256410256,0.0033433376944215,233,241,272,272
79869,cover red all,cover,"(87, 84)",1,0.0089285714285714,0.0085055281387845,160,243,272,272
79869,uncover green all,uncover,"(87, 88)",1,0.0166666666666666,0.0553815310762356,212,266,272,272
79869,cover blue all,cover,"(79, 44)",1,0.024390243902439,0.3119380339153885,231,271,272,272
79869,move green C,move,"(79, 88)",1,0.0227272727272727,0.0312585396500464,228,260,272,272
79869,uncover blue all,uncover,"(62, 96)",1,0.0185185185185185,0.0139346266585516,218,255,272,272
79869,fill nocolor B2,fill,"(62, 64)",1,0.0256410256410256,0.0191175448981687,233,250,272,272
79869,move red A1,move,"(75, 72)",1,0.0263157894736842,0.0137528396625497,234,260,272,272
79869,clear nocolor C1,clear,"(102, 96)",1,0.0222222222222222,0.0260406490850437,227,256,272,272
79869,clear nocolor C2,clear,"(87, 96)",1,0.0222222222222222,0.0077652395154482,227,227,272,272
58692,cover red all,cover,"(94, 37)",1,0.0147058823529411,0.002339544875916,187,236,255,255
58692,fill nocolor C1,fill,"(83, 67)",1,0.0277777777777777,0.0076308522182014,219,242,255,255
58692,move green B1,move,"(81, 60)",1,0.0188679245283018,0.0099937116122361,202,254,255,255
58692,move green A1,move,"(81, 54)",1,0.0277777777777777,0.0072790471455729,219,243,255,255
58692,fill nocolor B1,fill,"(83, 80)",1,0.0277777777777777,0.0115948941463208,219,253,255,255
58692,cover green all,cover,"(79, 60)",1,0.0263157894736842,0.0041837184457353,217,228,255,255
58692,uncover green all,uncover,"(89, 70)",1,0.0166666666666666,0.0039478417573561,195,231,255,255
58692,clear nocolor A,clear,"(56, 67)",1,0.0208333333333333,0.0047169845487881,207,219,255,255
58692,uncover blue all,uncover,"(85, 100)",1,0.0181818181818181,0.0045379093379791,200,221,255,255
58692,clear nocolor B1,clear,"(79, 100)",1,0.0222222222222222,0.004581017623926,210,218,255,255
91733,uncover green all,uncover,"(67, 77)",1,0.0333333333333333,0.0119641084452841,242,244,272,272
91733,fill nocolor B2,fill,"(95, 100)",1,0.0238095238095238,0.0144514606825831,230,240,272,272
91733,move green B2,move,"(79, 100)",1,0.027027027027027,0.018816431985864,235,254,272,272
91733,clear nocolor C,clear,"(84, 54)",1,0.0138888888888889,0.016368162362598,200,251,272,272
91733,clear nocolor A2,clear,"(75, 54)",1,0.0333333333333333,0.0209426853464499,242,252,272,272
91733,fill nocolor C2,fill,"(67, 87)",1,0.0256410256410256,0.0161399976942394,233,239,272,272
91733,uncover blue all,uncover,"(75, 94)",1,0.0222222222222222,0.0143776190158839,227,246,272,272
91733,move blue C1,move,"(71, 68)",1,0.0192307692307692,0.0170405953350502,220,252,272,272
91733,cover green all,cover,"(63, 78)",1,0.0126582278481012,0.008469792529983,193,203,272,272
91733,cover blue all,cover,"(79, 77)",1,0.0178571428571428,0.0157072348041422,216,236,272,272
39277,clear nocolor B2,clear,"(64, 67)",1,0.0172739595752857,0.0048922989092674,244,255,289,289
39277,uncover red all,uncover,"(99, 67)",0,0.0007305523648925,0.0027274884545771,70,0,289,289
39277,cover red all,cover,"(60, 98)",0,0.0012722871690466,0.0026352807459303,57,0,289,289
39277,move blue B,move,"(55, 98)",1,0.0209701414728267,0.0038470091902504,253,254,289,289
39277,uncover green all,uncover,"(72, 77)",1,0.0274569170981026,0.004813843930367,262,278,289,289
39277,cover green all,cover,"(60, 56)",1,0.0097485531435104,0.0022324448214399,197,200,289,289
39277,move green B,move,"(102, 83)",1,0.0151078024469704,0.005474045898464,233,282,289,289
39277,clear nocolor B,clear,"(60, 75)",1,0.0142500702669217,0.0037128989153472,229,231,289,289
39277,fill nocolor B1,fill,"(99, 98)",1,0.017065174646318,0.0084166229170766,244,287,289,289
39277,fill nocolor A1,fill,"(93, 54)",1,0.0182141035443095,0.0063759763470247,247,278,289,289
36088,move blue B2,move,"(80, 65)",1,0.0350198451536573,0.0314836622895424,283,305,306,306
36088,uncover green all,uncover,"(70, 87)",1,0.029254247411534,0.0041246736104562,276,284,306,306
36088,fill nocolor A2,fill,"(70, 72)",0,0.0005048727527868,0.0027774175464059,45,0,306,306
36088,uncover blue all,uncover,"(80, 78)",1,0.0155370065641148,0.0574781748061571,246,304,306,306
36088,cover green all,cover,"(89, 85)",1,0.0089661342879479,0.0010114128142703,199,248,306,306
36088,fill nocolor B1,fill,"(81, 78)",1,0.0197859503071025,0.0112591920455966,261,303,306,306
36088,clear nocolor B,clear,"(83, 87)",1,0.013126703319841,0.0048242911801859,234,277,306,306
36088,clear nocolor B2,clear,"(82, 78)",1,0.0197859503071025,0.0039909902653902,261,271,306,306
36088,move green A2,move,"(74, 75)",1,0.0277563046979019,0.01081399943747,275,304,306,306
36088,cover red all,cover,"(83, 52)",1,0.0095729739162801,0.0013131080812416,206,255,306,306
74045,uncover green all,uncover,"(74, 77)",0,0.0007384762640112,0.0019609366339534,107,226,289,289
74045,cover red all,cover,"(75, 58)",1,0.011168016879572,0.0129147324513442,204,281,289,289
74045,clear nocolor B,clear,"(61, 58)",1,0.0156318887876151,0.0098049354685232,229,236,289,289
74045,cover green all,cover,"(74, 36)",1,0.0112878527029868,0.0119655171194142,205,275,289,289
74045,move red B1,move,"(76, 78)",1,0.0315218681125708,0.0143711322912298,262,265,289,289
74045,uncover red all,uncover,"(66, 99)",1,0.0381105934738876,0.0252528097076486,267,275,289,289
74045,fill nocolor B2,fill,"(66, 99)",1,0.0198526300010575,0.01622977259663,244,262,289,289
74045,move blue B2,move,"(61, 83)",1,0.0203249347476517,0.0116650287431158,244,248,289,289
74045,fill nocolor C1,fill,"(61, 85)",1,0.0212402572415891,0.0151623306737935,247,254,289,289
74045,clear nocolor B1,clear,"(61, 58)",1,0.0199686362985427,0.0134367554185055,244,254,289,289
26027,uncover blue all,uncover,"(64, 101)",1,0.025,0.0037735861071983,232,236,272,272
26027,clear nocolor A2,clear,"(59, 56)",1,0.0222222222222222,0.0044496913517008,227,238,272,272
26027,uncover red all,uncover,"(78, 97)",1,0.025,0.0064580562726049,232,270,272,272
26027,clear nocolor B,clear,"(78, 41)",1,0.0208333333333333,0.0055971012808106,224,254,272,272
26027,fill nocolor B2,fill,"(62, 101)",1,0.0238095238095238,0.0046453364848004,230,237,272,272
26027,cover green all,cover,"(62, 60)",1,0.0175438596491228,0.1933364765805557,215,269,272,272
26027,cover blue all,cover,"(62, 76)",1,0.0135135135135135,0.000798047667232,198,207,272,272
26027,move green B2,move,"(88, 101)",1,0.0277777777777777,0.0089067724453221,236,264,272,272
26027,move red C,move,"(64, 85)",1,0.0175438596491228,0.0039112773202696,215,215,272,272
26027,fill nocolor A2,fill,"(62, 76)",1,0.0256410256410256,0.0043158950019941,233,235,272,272
35291,clear nocolor C2,clear,"(87, 48)",1,0.0222222222222222,0.0430573984174184,227,267,272,272
35291,uncover green all,uncover,"(57, 37)",1,0.0277777777777777,0.0173317226821035,236,264,272,272
35291,move red A1,move,"(97, 74)",1,0.0277777777777777,0.0608745541103478,236,265,272,272
35291,cover blue all,cover,"(90, 74)",1,0.0163934426229508,0.041175700512333,211,265,272,272
35291,fill nocolor C1,fill,"(81, 68)",1,0.0256410256410256,0.0071624803811641,233,239,272,272
35291,clear nocolor C,clear,"(66, 63)",1,0.0138888888888888,0.0052386271080709,200,227,272,272
35291,fill nocolor B2,fill,"(67, 100)",1,0.0222222222222222,0.0037072636094497,227,229,272,272
35291,cover green all,cover,"(66, 49)",1,0.0136986301369862,0.0312495691037476,199,266,272,272
35291,uncover blue all,uncover,"(59, 63)",1,0.0199999999999999,0.0407177883494579,222,267,272,272
35291,move blue C1,move,"(89, 68)",1,0.037037037037037,0.1110464529367317,245,269,272,272
49030,uncover green all,uncover,"(79, 59)",1,0.0252723394681966,0.0135960365001779,236,246,272,272
49030,uncover blue all,uncover,"(78, 65)",1,0.017389704678425,0.0164574220005378,218,258,272,272
49030,move red C2,move,"(71, 106)",0,0.0006358146731258,0.000589632472897,71,71,272,272
49030,cover red all,cover,"(85, 86)",1,0.0129261114240364,0.0121196391956567,199,238,272,272
49030,cover blue all,cover,"(56, 58)",1,0.022033751205777,0.0207654257006488,231,261,272,272
49030,clear nocolor A2,clear,"(76, 64)",1,0.020011561527575,0.0131783452866378,227,244,272,272
49030,fill nocolor B2,fill,"(84, 64)",1,0.0227400575063527,0.0144964165841325,233,243,272,272
49030,clear nocolor C2,clear,"(71, 66)",1,0.0283376260537527,0.0188613818661475,242,256,272,272
49030,move red C1,move,"(71, 86)",1,0.0241767351174505,0.0087014522171355,235,235,272,272
49030,fill nocolor A2,fill,"(56, 75)",1,0.0227400575063527,0.0106490443045364,233,239,272,272
55983,move blue B,move,"(56, 82)",1,0.0277777777777778,0.0163780052739754,253,254,289,289
55983,clear nocolor A,clear,"(56, 79)",1,0.0166666666666666,0.0109775374577122,229,236,289,289
55983,fill nocolor C1,fill,"(56, 85)",1,0.0238095238095238,0.0076525420075255,247,247,289,289
55983,clear nocolor B1,clear,"(78, 94)",1,0.0222222222222222,0.0080323347116831,244,247,289,289
55983,fill nocolor B2,fill,"(80, 82)",1,0.0238095238095238,0.0150611697747415,247,262,289,289
55983,cover red all,cover,"(78, 62)",1,0.0222222222222222,0.013136068072614,244,255,289,289
55983,move green A1,move,"(95, 55)",1,0.0192307692307692,0.0388855217850696,237,287,289,289
55983,cover blue all,cover,"(80, 75)",1,0.0082644628099173,0.0086659504394589,168,227,289,289
55983,uncover red all,uncover,"(56, 94)",1,0.02,0.0095252258908892,239,241,289,289
55983,uncover green all,uncover,"(78, 94)",1,0.0222222222222222,0.0114749870479317,244,255,289,289
71814,clear nocolor B,clear,"(62, 73)",1,0.0113219160187973,0.0092161836453384,217,248,289,289
71814,fill nocolor C1,fill,"(82, 68)",1,0.0157791843005677,0.0110481206038507,247,257,289,289
71814,cover green all,cover,"(106, 67)",0,0.0011446072681425,0.0015661464643136,44,184,289,289
71814,move blue B2,move,"(82, 105)",0,0.0018055786738265,0.0014675928252235,72,91,289,289
71814,cover red all,cover,"(62, 84)",1,0.0134331236617196,0.0128061065616005,233,252,289,289
71814,fill nocolor B2,fill,"(62, 81)",1,0.0157791843005677,0.0166045507293205,247,278,289,289
71814,uncover blue all,uncover,"(86, 84)",1,0.0213372808026793,0.0130384803443805,259,271,289,289
71814,clear nocolor A1,clear,"(74, 75)",1,0.0150732853218745,0.0145900896161174,244,268,289,289
71814,uncover green all,uncover,"(82, 84)",1,0.0212390917288652,0.0140371982403606,257,258,289,289
71814,move red B,move,"(99, 75)",0,0.0013969497827971,0.0015282435271702,75,123,289,289
22765,fill nocolor C2,fill,"(86, 87)",1,0.0130745090841136,0.0103965552884039,261,283,306,306
22765,cover red all,cover,"(105, 85)",0,0.0011368673451096,0.0013865623882007,31,160,306,306
22765,uncover red all,uncover,"(73, 75)",1,0.0196757673890295,0.0124192850005978,279,287,306,306
22765,fill nocolor B2,fill,"(86, 63)",1,0.0130745090841135,0.0126555893867545,261,278,306,306
22765,clear nocolor B2,clear,"(83, 88)",1,0.0130745090841135,0.0100386289576882,261,265,306,306
22765,move green B1,move,"(78, 87)",0,0.0022035251641673,0.0021827526687693,75,94,306,306
22765,clear nocolor A,clear,"(76, 79)",1,0.0103755627552123,0.0086229688880181,234,246,306,306
22765,cover green all,cover,"(103, 64)",1,0.0120312944122312,0.0092777231057683,252,264,306,306
22765,uncover green all,uncover,"(86, 87)",0,0.0018988798156695,0.0018337442686333,82,146,306,306
22765,move blue B2,move,"(81, 85)",0,0.002351420443323,0.0028152213229755,80,179,306,306
93884,clear nocolor C1,clear,"(67, 89)",1,0.0222222222222222,0.0112549776962337,227,234,272,272
93884,move red C1,move,"(57, 49)",1,0.0277777777777777,0.0366060110141613,236,262,272,272
93884,cover red all,cover,"(78, 54)",1,0.0178571428571428,0.0119732511609249,216,235,272,272
93884,clear nocolor B,clear,"(78, 106)",1,0.0138888888888889,0.0048984016291974,200,205,272,272
93884,uncover red all,uncover,"(67, 79)",1,0.0222222222222222,0.0085093719457427,227,227,272,272
93884,uncover blue all,uncover,"(67, 89)",1,0.0222222222222222,0.0119827215872331,227,235,272,272
93884,fill nocolor A1,fill,"(57, 73)",1,0.0256410256410256,0.0106260435997818,233,237,272,272
93884,cover green all,cover,"(57, 60)",1,0.0138888888888889,0.0148480263453981,200,239,272,272
93884,fill nocolor B2,fill,"(84, 83)",1,0.0256410256410256,0.0160088766339617,233,243,272,272
93884,move red A2,move,"(107, 58)",1,0.0222222222222222,0.0488383986941995,227,268,272,272
89675,move blue C2,move,"(102, 87)",1,0.0192307692307692,0.0091217062089078,237,286,289,289
89675,clear nocolor A1,clear,"(55, 76)",1,0.0222222222222222,0.0045400940777754,244,268,289,289
89675,fill nocolor B2,fill,"(79, 81)",1,0.0238095238095238,0.004409234789816,247,261,289,289
89675,cover blue all,cover,"(77, 54)",1,0.0178571428571428,0.0030959583994325,233,264,289,289
89675,fill nocolor C1,fill,"(82, 85)",1,0.0238095238095238,0.0086693046283274,247,284,289,289
89675,cover green all,cover,"(96, 57)",1,0.0119047619047619,0.0017316736569031,205,254,289,289
89675,uncover blue all,uncover,"(55, 76)",1,0.0222222222222222,0.0041984027293543,244,266,289,289
89675,clear nocolor C1,clear,"(86, 107)",1,0.0222222222222222,0.0044197287101315,244,251,289,289
89675,uncover red all,uncover,"(72, 76)",1,0.0277777777777777,0.0048452713264071,253,274,289,289
89675,move red C2,move,"(103, 107)",1,0.0263157894736842,0.0164047857772429,251,288,289,289
86933,fill nocolor C2,fill,"(87, 88)",0,0.0011822602670293,0.001040912276647,45,79,272,272
86933,clear nocolor C2,clear,"(87, 85)",1,0.0177527253584013,0.0084948152847996,227,234,272,272
86933,uncover green all,uncover,"(73, 72)",1,0.0134409000398668,0.0101826578447807,206,243,272,272
86933,clear nocolor B1,clear,"(80, 59)",1,0.023778758278349,0.0347614724948907,242,268,272,272
86933,move blue B1,move,"(73, 96)",1,0.0147700660168367,0.0092408057423389,213,223,272,272
86933,cover blue all,cover,"(90, 55)",1,0.0199316613957192,0.0532771000849378,232,271,272,272
86933,cover red all,cover,"(73, 72)",1,0.0082630592109465,0.0058021472395888,160,202,272,272
86933,move red A,move,"(76, 72)",0,0.0011598254895738,0.001063177608416,78,94,272,272
86933,fill nocolor B1,fill,"(77, 96)",1,0.0185144665088243,0.0093217614881702,230,236,272,272
86933,uncover red all,uncover,"(86, 64)",1,0.0377958932350487,0.0291251242204804,254,264,272,272
53007,move red B1,move,"(88, 80)",1,0.0295376182459096,0.0440826997119367,260,281,289,289
53007,clear nocolor B,clear,"(82, 86)",1,0.0155783866492432,0.0084744964043981,229,235,289,289
53007,cover blue all,cover,"(98, 86)",1,0.0162529056301275,0.0167076163176248,232,271,289,289
53007,fill nocolor B1,fill,"(87, 80)",1,0.0211149815866789,0.0247352682224315,247,277,289,289
53007,move red B2,move,"(72, 99)",1,0.0278114050988541,0.0087543638907394,258,268,289,289
53007,uncover red all,uncover,"(89, 86)",1,0.0293393126210476,0.0367761699241667,259,282,289,289
53007,uncover green all,uncover,"(79, 99)",1,0.0185473872159927,0.0247164854804648,239,278,289,289
53007,fill nocolor A2,fill,"(84, 59)",1,0.0211149815866789,0.0099026372552599,247,256,289,289
53007,cover red all,cover,"(84, 99)",0,0.0002709687222455,0.0006903062666934,32,34,289,289
53007,clear nocolor C2,clear,"(87, 86)",1,0.0198579557462112,0.0252563217579447,244,280,289,289
58637,cover blue all,cover,"(92, 36)",1,0.0136166414469762,0.1223732456835284,227,288,289,289
58637,clear nocolor A2,clear,"(77, 82)",1,0.0228474414132297,0.0152319280220547,259,271,289,289
58637,fill nocolor B1,fill,"(81, 61)",1,0.0181796103784008,0.0053973598605402,247,252,289,289
58637,uncover blue all,uncover,"(55, 74)",0,0.0009770735555467,0.00140358782226,82,108,289,289
58637,move green B1,move,"(84, 61)",1,0.017846818500297,0.020331349663904,244,281,289,289
58637,clear nocolor C2,clear,"(71, 66)",1,0.0172429888790889,0.0089786793990383,244,257,289,289
58637,cover red all,cover,"(84, 85)",1,0.0081271242871398,0.0162507826255932,176,279,289,289
58637,uncover green all,uncover,"(81, 82)",1,0.0167659622094501,0.0079377937578033,239,276,289,289
58637,fill nocolor A2,fill,"(60, 93)",1,0.0170334219174054,0.0045264487676798,244,247,289,289
58637,move red C,move,"(84, 82)",0,0.001205052348319,0.0016066404479763,84,149,289,289
18558,clear nocolor A,clear,"(54, 42)",1,0.0084416318969858,0.0052927477482387,200,205,272,272
18558,uncover red all,uncover,"(75, 76)",-1,0.0008882102810478,0.002069804359684,0,1,272,272
18558,uncover green all,uncover,"(54, 101)",0,0.003860006077856,0.0030029004961288,93,110,272,272
18558,move red C2,move,"(75, 89)",1,0.0092237710617556,0.0058812170963111,211,221,272,272
18558,fill nocolor B1,fill,"(77, 80)",1,0.0101727831463841,0.0058859049628069,233,233,272,272
18558,cover green all,cover,"(75, 42)",1,0.0070836360229669,0.0048066374861699,179,193,272,272
18558,move green A,move,"(77, 55)",0,0.0033881542561808,0.0030248772017359,69,95,272,272
18558,fill nocolor A1,fill,"(75, 55)",1,0.0101727831463841,0.0077081459395122,233,243,272,272
18558,clear nocolor A1,clear,"(54, 80)",1,0.0096357126446495,0.0058176953879941,227,227,272,272
18558,cover red all,cover,"(54, 101)",-1,0.0010007187376277,0.0018936228491808,0,26,272,272
88653,clear nocolor A,clear,"(57, 69)",1,0.0155628421679815,0.0118467478741623,178,206,238,238
88653,move red A2,move,"(54, 94)",1,0.0201349431709911,0.0092777623683729,193,198,238,238
88653,fill nocolor A1,fill,"(62, 73)",1,0.0259990874076822,0.0172395459535089,205,215,238,238
88653,cover red all,cover,"(77, 71)",1,0.0181218438197774,0.0245140458947164,188,225,238,238
88653,move red B,move,"(54, 78)",1,0.0176399281527256,0.0112157198086063,186,198,238,238
88653,cover blue all,cover,"(77, 49)",1,0.0153983929514717,0.0236387909887915,178,235,238,238
88653,uncover red all,uncover,"(62, 99)",1,0.029135314038521,0.0210709430986431,208,226,238,238
88653,clear nocolor B1,clear,"(62, 88)",1,0.0198219348400189,0.0100880615370678,193,193,238,238
88653,fill nocolor C2,fill,"(62, 88)",1,0.0259990874076822,0.0120091887001392,205,209,238,238
88653,uncover green all,uncover,"(62, 102)",0,0.00048302386904,0.0007108164355937,55,67,238,238
82980,fill nocolor A1,fill,"(75, 74)",1,0.0238095238095238,0.005262519970026,247,261,289,289
82980,clear nocolor A,clear,"(77, 71)",1,0.0138888888888888,0.0062369287719786,217,246,289,289
82980,clear nocolor B2,clear,"(64, 104)",1,0.0222222222222222,0.0047027345852479,244,257,289,289
82980,move red B1,move,"(55, 79)",1,0.037037037037037,0.0129668510578831,262,277,289,289
82980,cover blue all,cover,"(77, 57)",1,0.0082644628099173,0.1249367380851952,168,287,289,289
82980,fill nocolor B1,fill,"(64, 79)",1,0.0238095238095238,0.0053939487212999,247,255,289,289
82980,uncover blue all,uncover,"(85, 104)",1,0.0555555555555555,0.9822322317934636,271,288,289,289
82980,cover green all,cover,"(55, 76)",1,0.0333333333333333,0.0036886326617694,259,261,289,289
82980,uncover red all,uncover,"(55, 72)",1,0.025,0.4829098386558038,249,287,289,289
82980,move red A1,move,"(77, 74)",1,0.0277777777777777,0.0102639300986408,253,279,289,289
84838,uncover red all,uncover,"(72, 75)",-1,0.0001526558949829,0.0013678908392361,0,1,289,289
84838,move green C2,move,"(98, 70)",1,0.0292612610488003,0.0415261531321523,274,281,289,289
84838,cover green all,cover,"(100, 59)",1,0.0091152529637586,0.0082436613781963,195,262,289,289
84838,clear nocolor B,clear,"(100, 70)",1,0.0132304069737457,0.0142129826743954,229,276,289,289
84838,cover blue all,cover,"(77, 75)",0,0.0011995633210762,0.0013690142414717,50,212,289,289
84838,fill nocolor C1,fill,"(71, 68)",1,0.01622872128806,0.0291483187153747,247,286,289,289
84838,move blue C2,move,"(86, 53)",1,0.0186539675527162,0.0591192364222032,253,287,289,289
84838,clear nocolor C1,clear,"(67, 101)",1,0.0154817905504212,0.0046565639549273,244,246,289,289
84838,fill nocolor A2,fill,"(92, 75)",1,0.01622872128806,0.0295959674030417,247,284,289,289
84838,uncover blue all,uncover,"(72, 73)",1,0.0167425109576228,0.0051101531925571,245,265,289,289
50151,clear nocolor B,clear,"(78, 59)",1,0.0130728537004018,0.0040587640103731,217,244,289,289
50151,cover blue all,cover,"(91, 56)",1,0.0126572534210394,0.2242765027765138,215,285,289,289
50151,clear nocolor A1,clear,"(74, 60)",1,0.0196184641875826,0.0065032609763697,244,249,289,289
50151,uncover green all,uncover,"(80, 56)",1,0.0183922335757355,0.0047104539224366,239,260,289,289
50151,fill nocolor B2,fill,"(74, 63)",1,0.0208441982225179,0.0069924087587466,247,260,289,289
50151,move blue B2,move,"(74, 60)",0,0.0008482504650617,0.0027042005245251,70,0,289,289
50151,cover green all,cover,"(74, 73)",1,0.0161162209349651,0.0080896589584687,232,286,289,289
50151,uncover blue all,uncover,"(74, 94)",1,0.0224896083730871,0.0087492783002386,249,284,289,289
50151,move green A,move,"(81, 56)",1,0.0162131090128086,0.0072824456636163,232,283,289,289
50151,fill nocolor B1,fill,"(64, 62)",1,0.0208441982225179,0.0096062424368662,247,278,289,289
32385,uncover blue all,uncover,"(76, 93)",1,0.0333333333333333,0.0171089869708291,259,267,289,289
32385,cover green all,cover,"(69, 50)",1,0.0126582278481012,0.0069976604217014,210,221,289,289
32385,cover red all,cover,"(97, 62)",1,0.0163934426229508,0.0172339210398108,228,280,289,289
32385,move blue A1,move,"(95, 73)",1,0.0277777777777777,0.0312116574626422,253,282,289,289
32385,move green B,move,"(76, 79)",1,0.027027027027027,0.0131025324370921,252,263,289,289
32385,uncover red all,uncover,"(78, 79)",1,0.0222222222222222,0.0128982715308697,244,265,289,289
32385,clear nocolor C,clear,"(84, 82)",1,0.0138888888888889,0.009493308733417,217,237,289,289
32385,fill nocolor C2,fill,"(68, 89)",1,0.0238095238095238,0.0203182348947523,247,263,289,289
32385,clear nocolor A2,clear,"(76, 73)",1,0.0333333333333333,0.0110126981882106,259,261,289,289
32385,fill nocolor A2,fill,"(56, 93)",1,0.0222222222222222,0.0052033292816124,244,245,289,289
63576,cover red all,cover,"(72, 37)",1,0.0179530492715489,0.0567818157232256,203,253,255,255
63576,move blue C1,move,"(87, 85)",1,0.0324828064195216,0.0498329815695586,228,251,255,255
63576,uncover blue all,uncover,"(87, 107)",1,0.030058504066109,0.0076737977026068,225,234,255,255
63576,fill nocolor B2,fill,"(87, 63)",1,0.0248744028714793,0.005869953889394,219,219,255,255
63576,clear nocolor C,clear,"(87, 65)",1,0.0158041301356537,0.0089176699183235,195,207,255,255
63576,uncover red all,uncover,"(57, 94)",1,0.0211279520799491,0.0098258200385105,211,235,255,255
63576,move blue A1,move,"(59, 92)",1,0.0303721398727151,0.0123904089324661,226,238,255,255
63576,fill nocolor A2,fill,"(55, 94)",1,0.0229983748060852,0.0075829892633197,216,223,255,255
63576,cover green all,cover,"(59, 39)",0,0.0007784120228327,0.0013011056823297,70,227,255,255
63576,clear nocolor A2,clear,"(57, 37)",1,0.0289968392029896,0.0470524526188591,225,253,255,255
93940,cover green all,cover,"(74, 39)",1,0.0222222222222222,0.0112732537246021,210,228,255,255
93940,fill nocolor C1,fill,"(83, 66)",1,0.0277777777777777,0.0246172298170445,219,233,255,255
93940,cover red all,cover,"(89, 50)",1,0.0294117647058823,0.0296096226036259,221,246,255,255
93940,move green A,move,"(61, 94)",1,0.0227272727272727,0.0093382125716888,211,212,255,255
93940,uncover green all,uncover,"(73, 54)",1,0.0151515151515151,0.0133161928343345,189,230,255,255
93940,uncover red all,uncover,"(83, 71)",1,0.0166666666666666,0.015887705147132,195,230,255,255
93940,fill nocolor A2,fill,"(89, 39)",1,0.0238095238095238,0.0385062200594949,213,248,255,255
93940,clear nocolor A,clear,"(57, 67)",1,0.0208333333333333,0.0292812848260259,207,239,255,255
93940,clear nocolor A2,clear,"(57, 56)",1,0.0666666666666666,0.1011687532307754,240,254,255,255
93940,move blue A1,move,"(78, 55)",1,0.0344827586206896,0.0246122997173589,226,240,255,255
93952,clear nocolor A2,clear,"(75, 72)",1,0.0222222222222222,0.0177982325645654,261,288,306,306
93952,fill nocolor B2,fill,"(90, 83)",1,0.0222222222222222,0.0211574434350194,261,287,306,306
93952,cover red all,cover,"(79, 72)",1,0.0099999999999999,0.011566681366576,206,264,306,306
93952,fill nocolor A2,fill,"(90, 57)",1,0.0222222222222222,0.0203587836216015,261,294,306,306
93952,uncover red all,uncover,"(75, 58)",1,0.0333333333333333,0.0172292584967625,276,285,306,306
93952,clear nocolor C,clear,"(84, 72)",1,0.0138888888888888,0.0139688419136672,234,274,306,306
93952,cover blue all,cover,"(90, 57)",1,0.0158730158730158,0.0180457847719574,243,298,306,306
93952,move blue B1,move,"(75, 78)",1,0.0294117647058823,0.015275843744284,272,272,306,306
93952,uncover blue all,uncover,"(79, 72)",1,0.0181818181818181,0.0215656780927417,251,288,306,306
93952,move green A1,move,"(84, 72)",1,0.0344827586206896,0.0508758239571135,277,294,306,306
87384,move red A1,move,"(78, 90)",1,0.01995652576965165,0.029302611438715386,244,279,289,289
87384,cover green all,cover,"(85, 50)",0,0.000302821049682516,0.0009273197996210762,31,196,289,289
87384,clear nocolor B1,clear,"(78, 90)",1,0.01962193578996593,0.013046794647181873,244,259,289,289
87384,move blue C2,move,"(75, 88)",1,0.020093578712135428,0.005908418917184909,244,249,289,289
87384,uncover green all,uncover,"(85, 84)",1,0.0319795625952089,0.03293192010344299,262,283,289,289
87384,uncover red all,uncover,"(78, 80)",1,0.02032623192433889,0.22846113221086772,244,288,289,289
87384,cover blue all,cover,"(77, 57)",1,0.015084203506548037,0.0059279010558519266,228,250,289,289
87384,fill nocolor A2,fill,"(56, 59)",1,0.020848120599172248,0.018971132094043556,247,264,289,289
87384,fill nocolor C2,fill,"(75, 88)",1,0.020848120599172248,0.0031437574611240236,247,247,289,289
87384,clear nocolor A,clear,"(77, 53)",1,0.015463411457319576,0.015584781458634735,229,272,289,289
30838,clear nocolor A,clear,"(56, 61)",1,0.0131736879025238,0.007202290085438233,234,246,306,306
30838,cover blue all,cover,"(55, 38)",1,0.011175167666023757,0.012348035388261612,221,292,306,306
30838,fill nocolor C1,fill,"(77, 86)",1,0.01992715489442635,0.013219060801279355,261,273,306,306
30838,fill nocolor A2,fill,"(56, 76)",1,0.01992715489442635,0.005340775687519682,261,261,306,306
30838,cover green all,cover,"(55, 75)",1,0.014360522319170073,0.009033555217159648,241,248,306,306
30838,uncover red all,uncover,"(85, 86)",1,0.029490239687554026,0.03558275309111947,276,304,306,306
30838,clear nocolor C2,clear,"(105, 76)",1,0.01992715489442635,0.016622033678333266,261,270,306,306
30838,move green A,move,"(79, 76)",1,0.023955232344602215,0.015289824654173959,269,278,306,306
30838,uncover blue all,uncover,"(84, 87)",1,0.029490239687554026,0.019748182966583594,276,284,306,306
30838,move red A,move,"(77, 54)",0,0.0008270470959123488,0.0011801736956440002,80,167,306,306
43467,clear nocolor A1,clear,"(72, 88)",1,0.02222222222222222,0.012063659465474596,261,262,306,306
43467,cover red all,cover,"(94, 74)",1,0.0303030303030303,0.02606819964198696,273,292,306,306
43467,fill nocolor B1,fill,"(87, 61)",1,0.02222222222222222,0.011406164213081629,261,263,306,306
43467,fill nocolor A2,fill,"(60, 76)",1,0.02222222222222222,0.008152068014553867,261,261,306,306
43467,uncover green all,uncover,"(84, 89)",1,0.037037037037037035,0.032304586706329,279,298,306,306
43467,move green B1,move,"(85, 61)",1,0.034482758620689655,0.02239433102043692,277,287,306,306
43467,clear nocolor B2,clear,"(101, 88)",1,0.02222222222222222,0.01010123577317546,261,262,306,306
43467,cover blue all,cover,"(60, 44)",1,0.008264462809917354,0.009949371753830448,185,271,306,306
43467,move blue A,move,"(99, 59)",1,0.023809523809523808,0.014137570169115042,264,278,306,306
43467,uncover red all,uncover,"(62, 81)",1,0.018518518518518517,0.011235703080121024,252,265,306,306
97122,fill nocolor C2,fill,"(86, 88)",1,0.023809523809523822,0.02084494198411067,247,271,289,289
97122,move blue A1,move,"(76, 73)",1,0.03703703703703705,0.07751720082546354,262,284,289,289
97122,fill nocolor B1,fill,"(56, 78)",1,0.023809523809523822,0.010652132171922353,247,259,289,289
97122,move green C,move,"(96, 102)",1,0.01724137931034484,0.03331309146907125,231,285,289,289
97122,uncover blue all,uncover,"(89, 88)",1,0.03333333333333335,0.0029910000416739444,259,267,289,289
97122,uncover green all,uncover,"(81, 61)",1,0.022222222222222237,0.014883973085095339,244,271,289,289
97122,clear nocolor B2,clear,"(81, 80)",1,0.022222222222222237,0.007367982038399948,244,259,289,289
97122,clear nocolor C2,clear,"(106, 102)",1,0.022222222222222237,0.05011363477603341,244,287,289,289
97122,cover green all,cover,"(86, 78)",1,0.015384615384615398,0.007321101311994723,224,237,289,289
97122,cover red all,cover,"(72, 38)",1,0.016949152542372895,0.06247579453825343,230,285,289,289
13861,move red B1,move,"(81, 82)",1,0.014492753623188411,0.018297458812595292,220,278,289,289
13861,uncover green all,uncover,"(75, 58)",1,0.0625,0.16892644386592892,273,288,289,289
13861,move blue B,move,"(74, 80)",1,0.01923076923076923,0.033262337856297126,237,285,289,289
13861,fill nocolor C1,fill,"(69, 85)",1,0.02380952380952379,0.001825915849086742,247,247,289,289
13861,uncover red all,uncover,"(68, 85)",1,0.013888888888888897,0.009312403840687372,217,272,289,289
13861,fill nocolor A1,fill,"(75, 72)",1,0.02380952380952379,0.02654047585455498,247,272,289,289
13861,clear nocolor B,clear,"(79, 77)",1,0.013888888888888897,0.0032696300663428214,217,219,289,289
13861,clear nocolor A,clear,"(76, 78)",1,0.013888888888888897,0.005210581314931495,217,238,289,289
13861,cover green all,cover,"(55, 72)",1,0.008333333333333344,0.0034805499114327326,169,212,289,289
13861,cover blue all,cover,"(90, 56)",1,0.01010101010101011,0.07278632400539951,190,283,289,289
36961,uncover green all,uncover,"(75, 78)",1,0.01851851851851853,0.01684332041872306,218,245,272,272
36961,cover red all,cover,"(79, 72)",1,0.019607843137254912,0.011569937661693258,221,226,272,272
36961,clear nocolor C,clear,"(85, 78)",1,0.016666666666666687,0.00772520770090307,212,215,272,272
36961,clear nocolor C2,clear,"(69, 92)",1,0.022222222222222223,0.008573482904505398,227,227,272,272
36961,cover green all,cover,"(69, 71)",1,0.02439024390243902,0.014247498226570943,231,239,272,272
36961,uncover blue all,uncover,"(77, 92)",1,0.037037037037037035,0.01632956020491115,245,252,272,272
36961,move red C,move,"(75, 68)",1,0.022727272727272724,0.019292406821092845,228,253,272,272
36961,fill nocolor A1,fill,"(75, 92)",1,0.023809523809523805,0.012552936217377991,230,246,272,272
36961,fill nocolor B2,fill,"(75, 82)",1,0.025641025641025637,0.008448703547810186,233,234,272,272
36961,move green B2,move,"(91, 82)",1,0.0188679245283019,0.023084088619724212,219,260,272,272
29499,move green C1,move,"(63, 102)",1,0.019607843137254884,0.004591875026011015,204,218,255,255
29499,move green B2,move,"(80, 83)",1,0.01886792452830187,0.004737495582205782,202,216,255,255
29499,clear nocolor C1,clear,"(85, 83)",1,0.03333333333333331,0.00792029194672555,225,236,255,255
29499,fill nocolor B2,fill,"(58, 83)",1,0.02777777777777776,0.004646594366710847,219,220,255,255
29499,uncover blue all,uncover,"(58, 55)",1,0.019999999999999983,0.0037585713191212564,205,228,255,255
29499,cover green all,cover,"(58, 78)",1,0.018181818181818164,0.0028025896589415748,200,205,255,255
29499,cover blue all,cover,"(73, 41)",1,0.01923076923076921,0.004202142902137304,203,248,255,255
29499,clear nocolor C,clear,"(85, 93)",1,0.01666666666666665,0.0044730352105054735,195,200,255,255
29499,fill nocolor B1,fill,"(64, 97)",1,0.025641025641025623,0.004383672582768974,216,217,255,255
29499,uncover red all,uncover,"(73, 74)",1,0.022727272727272707,0.03892715134371978,211,254,255,255
74257,uncover green all,uncover,"(55, 74)",1,0.012476511430105261,0.011517924490609139,251,298,306,306
74257,clear nocolor B,clear,"(79, 76)",1,0.010330717781901021,0.005800552743613719,234,236,306,306
74257,cover green all,cover,"(57, 77)",-1,0.00030916388553098615,0.0005997825563001813,0,32,306,306
74257,fill nocolor C2,fill,"(84, 50)",0,0.0018683223556184886,0.0025592148118810183,45,237,306,306
74257,fill nocolor B1,fill,"(68, 81)",0,0.0018683223556184838,0.0014827209802085438,45,74,306,306
74257,move green B,move,"(68, 81)",1,0.0142069252919488,0.010458153441420202,266,277,306,306
74257,cover red all,cover,"(57, 77)",1,0.008002288594140393,0.0056247578986580345,207,234,306,306
74257,uncover red all,uncover,"(83, 81)",1,0.01951139219565329,0.012312650616728593,279,284,306,306
74257,clear nocolor A2,clear,"(57, 74)",1,0.012985464474836176,0.007982027550375664,261,265,306,306
74257,move red B1,move,"(94, 60)",1,0.015187668782700947,0.023964057528111943,268,300,306,306
97778,clear nocolor C2,clear,"(87, 68)",1,0.028281705306473136,0.01182785715055253,242,270,272,272
97778,fill nocolor C1,fill,"(89, 67)",1,0.022706139229429358,0.006670035629566305,233,263,272,272
97778,uncover green all,uncover,"(64, 106)",1,0.022833437044773787,0.004545781569492809,232,251,272,272
97778,cover blue all,cover,"(63, 76)",0,0.0004405055367509074,0.001921018185671776,49,51,272,272
97778,move red A2,move,"(64, 75)",1,0.02032238931581635,0.004387008179885339,227,239,272,272
97778,clear nocolor B1,clear,"(79, 77)",1,0.019985333473082137,0.0042321675444462565,227,231,272,272
97778,fill nocolor B1,fill,"(63, 78)",1,0.022706139229429375,0.004605493707095998,233,244,272,272
97778,uncover red all,uncover,"(79, 92)",1,0.025241864620478935,0.004278823842960805,236,256,272,272
97778,move green C,move,"(72, 67)",1,0.024007663804804683,0.0044266334999401346,235,235,272,272
97778,cover red all,cover,"(72, 75)",1,0.014026242799179564,0.0028970320087407134,205,221,272,272
24954,uncover green all,uncover,"(55, 74)",1,0.027777777777777766,0.004452279577176108,253,282,289,289
24954,uncover blue all,uncover,"(77, 82)",1,0.024999999999999984,0.003138898368011838,249,264,289,289
24954,cover green all,cover,"(92, 54)",1,0.01190476190476191,0.11500304291654881,205,283,289,289
24954,fill nocolor B1,fill,"(77, 78)",1,0.02380952380952378,0.004152829292279416,247,249,289,289
24954,cover red all,cover,"(55, 76)",1,0.017857142857142835,0.0018997353793601263,233,244,289,289
24954,move red C2,move,"(67, 70)",1,0.022222222222222195,0.004377849149276767,244,247,289,289
24954,move green B2,move,"(69, 101)",1,0.022222222222222206,0.004299226476540572,244,244,289,289
24954,clear nocolor C,clear,"(102, 101)",1,0.013888888888888888,0.00628181978309056,217,288,289,289
24954,fill nocolor B2,fill,"(102, 101)",1,0.022222222222222192,0.009046051099404562,244,279,289,289
24954,clear nocolor A1,clear,"(92, 76)",1,0.02222222222222221,0.0085706879194937,244,284,289,289
85713,move blue B2,move,"(78, 82)",1,0.017543859649122837,0.01883216016474761,215,267,272,272
85713,fill nocolor A1,fill,"(58, 90)",1,0.023809523809523836,0.00977967177673065,230,236,272,272
85713,fill nocolor C2,fill,"(68, 70)",1,0.025641025641025664,0.012781751899751373,233,240,272,272
85713,cover blue all,cover,"(81, 57)",1,0.02222222222222225,0.029453825419736852,227,259,272,272
85713,clear nocolor C,clear,"(68, 90)",1,0.016666666666666694,0.007259146439566451,212,219,272,272
85713,uncover green all,uncover,"(69, 71)",1,0.02222222222222225,0.013898479425110046,227,240,272,272
85713,cover red all,cover,"(100, 80)",1,0.011627906976744212,0.010999206243731201,186,233,272,272
85713,uncover red all,uncover,"(59, 57)",1,0.03333333333333334,0.015197887911601645,242,252,272,272
85713,clear nocolor B1,clear,"(78, 90)",1,0.02222222222222225,0.007957725176739872,227,229,272,272
85713,move blue C1,move,"(59, 102)",1,0.01923076923076926,0.007645673360196447,220,220,272,272
