ID,goal,goal_type,first_helper_move,utility,std_prob,prob_prob,std_better_than,prob_better_than,len_std,len_prob
91484,fill nocolor C1,fill,"(88, 66)",1,0.0068140570825649,0.0008659926154638,253,252,290,290
91484,fill nocolor A2,fill,pass,0,0.0042308031319036,0.881652980638958,209,289,290,290
91484,cover green all,cover,pass,0,0.0038735860917959,0.984758479048108,202,289,290,290
91484,cover red all,cover,pass,0,0.0037243557651802,0.4675689548303605,179,272,273,273
91484,move red A,move,pass,0,0.0038865317181404,0.7667170986461893,207,289,290,290
91484,uncover red all,uncover,pass,0,0.0048380553004395,0.9969599945178388,222,289,290,290
91484,clear nocolor A2,clear,"(76, 62)",1,0.0221749906777437,0.0060981196345406,286,285,290,290
91484,clear nocolor A1,clear,pass,0,0.0042308031319036,0.881652980638958,209,289,290,290
91484,move blue C,move,pass,0,0.0039019293094445,0.9257318481293506,176,272,273,273
91484,uncover green all,uncover,pass,0,0.0028002488944966,0.8404764125696702,189,289,290,290
98763,cover red all,cover,pass,0,0.0024428086496085,0.8891772625770107,136,272,273,273
98763,clear nocolor A2,clear,pass,0,0.0026866410739809,0.8446150498679283,148,289,290,290
98763,fill nocolor B1,fill,"(57, 61)",1,0.0417913902409833,0.0236604476922188,271,270,273,273
98763,uncover blue all,uncover,pass,0,0.0027821668525345,0.8046688954062686,165,306,307,307
98763,move blue B2,move,pass,0,0.0017973569714649,0.7415405801933358,130,289,290,290
98763,fill nocolor A2,fill,pass,0,0.0027311346068001,0.8217818556312019,198,306,307,307
98763,cover green all,cover,"(72, 37)",0,0.0322611029038583,0.0553375538105446,282,283,290,290
98763,move blue B,move,pass,0,0.0040806895437909,0.5310016226742225,218,289,290,290
98763,clear nocolor C,clear,"(89, 62)",1,0.0032221275928599,6.089359230931768e-05,159,194,290,290
98763,uncover red all,uncover,"(72, 76)",2,0.033194038229042,0.2203678043080064,304,306,307,307
33708,fill nocolor A1,fill,"(93, 55)",1,0.0054482951289796,0.0098447984579104,221,267,273,273
33708,uncover green all,uncover,"(78, 65)",0,0.0025115640539495,0.0024074462523561,158,138,273,273
33708,move blue A1,move,"(66, 76)",1,0.0106705102864413,0.0103011801554102,259,258,273,273
33708,clear nocolor A,clear,"(54, 61)",1,0.0092866959271821,0.0071208217261528,256,238,273,273
33708,cover green all,cover,"(87, 68)",0,0.0052530909047273,0.0038277511722191,248,234,273,273
33708,clear nocolor C2,clear,"(74, 68)",0,0.0242586122172686,0.0224564538375049,271,269,273,273
33708,fill nocolor B2,fill,"(79, 82)",1,0.0039147866576822,0.0040619652997486,234,234,290,290
33708,cover red all,cover,"(78, 59)",-1,0.0013733718073375,0.0013411744725623,42,43,256,256
33708,uncover blue all,uncover,"(66, 76)",1,0.0088237276175746,0.0073206494748434,239,233,273,273
33708,move blue B1,move,"(78, 82)",-1,0.0070096467879844,0.0074696689174831,269,270,290,290
51325,fill nocolor B2,fill,pass,0,0.0040394361996334,0.9581966245298276,210,289,290,290
51325,uncover green all,uncover,"(67, 82)",0,0.0047678700793172,0.0007623016832126,248,250,290,290
51325,cover red all,cover,pass,0,0.0042630753810889,0.939498321872974,218,289,290,290
51325,move red B,move,pass,0,0.003977420966199,0.983248267930848,206,289,290,290
51325,clear nocolor A1,clear,pass,0,0.0041505846932574,0.9918288746417966,204,289,290,290
51325,clear nocolor A,clear,pass,0,0.0041505846932574,0.9918288746417966,204,289,290,290
51325,move green C2,move,pass,0,0.0040403053180621,0.842970991101909,191,272,273,273
51325,fill nocolor C2,fill,pass,0,0.0038521719720212,0.9858897173702214,203,289,290,290
51325,cover green all,cover,pass,0,0.0039508962792232,0.627558728284476,202,289,290,290
51325,uncover blue all,uncover,pass,0,0.0042630753810889,0.939498321872974,218,289,290,290
42292,fill nocolor C1,fill,"(90, 66)",1,0.0050174976567669,0.0016027730745072,230,233,290,290
42292,move blue A2,move,pass,0,0.0038228421821147,0.7862293076489785,170,272,273,273
42292,uncover blue all,uncover,pass,0,0.0036576517160794,0.9999999999584284,209,306,307,307
42292,cover green all,cover,pass,0,0.003258171888812,0.3825193061548189,234,306,307,307
42292,fill nocolor C2,fill,"(61, 42)",0,0.0022410453318579,1.486672687284164e-05,62,59,273,273
42292,uncover green all,uncover,"(65, 80)",1,0.0158750282417355,0.0325458410339316,306,305,307,307
42292,clear nocolor B,clear,pass,0,0.0033764576705142,0.9480004551638664,189,289,290,290
42292,move blue C,move,pass,0,0.0033409383067927,0.468211185677024,170,289,290,290
42292,clear nocolor A1,clear,"(91, 43)",1,0.0044252248226494,0.0018715909476636,189,204,273,273
42292,cover red all,cover,pass,0,0.0037089667320745,0.5199575606183822,191,289,290,290
43580,fill nocolor A1,fill,"(75, 38)",1,0.0042062773592501,0.0052452818898331,250,237,273,273
43580,move green C1,move,"(63, 86)",1,0.2257513629491744,0.2079722157155466,287,289,290,290
43580,clear nocolor C,clear,"(74, 79)",0,0.0001655472003432,0.000192685572154,61,62,290,290
43580,uncover blue all,uncover,"(73, 85)",1,0.0745482636794241,0.0791288334503572,286,286,290,290
43580,cover green all,cover,"(104, 70)",1,0.2379976934272103,0.041779358069341,272,270,273,273
43580,uncover red all,uncover,"(82, 80)",2,0.0087839824247689,0.0061829018617819,272,271,290,290
43580,cover blue all,cover,"(87, 79)",0,0.0097237283059781,0.0114308187256651,266,266,290,290
43580,move red C,move,"(73, 86)",1,0.0745482636794241,0.0791288334503572,286,286,290,290
43580,fill nocolor B1,fill,"(64, 79)",1,0.1222141478973653,0.1275629635993941,287,289,290,290
43580,clear nocolor B2,clear,"(63, 36)",1,0.1993374207413104,0.1124942155112981,287,287,290,290
14189,move red A,move,"(79, 77)",1,0.0186042918618076,0.0186064071653473,282,282,290,290
14189,fill nocolor A2,fill,"(79, 57)",1,0.0311506251373722,0.0311169191737214,287,287,290,290
14189,move green A1,move,"(94, 72)",0,0.0046341051361176,0.004650046176818,271,271,307,307
14189,uncover red all,uncover,"(94, 73)",0,0.0046341051361176,0.004650046176818,271,271,307,307
14189,clear nocolor C,clear,"(105, 65)",1,0.0125809823561264,0.0125917927624606,294,294,307,307
14189,cover green all,cover,"(67, 53)",0,0.004411525669465,0.0044280441202711,217,217,290,290
14189,uncover blue all,uncover,"(105, 49)",-1,0.006880721101211,0.0068963997324755,273,273,307,307
14189,clear nocolor A2,clear,"(95, 58)",0,0.0002727186634875,0.0002749068990901,20,21,307,307
14189,fill nocolor C2,fill,"(86, 71)",1,0.0232758060078497,0.0232885125404395,305,305,307,307
14189,cover red all,cover,"(68, 49)",1,0.0023389683357496,0.0023487692514135,261,261,307,307
19737,uncover green all,uncover,"(101, 71)",1,0.0095969541447893,0.000485905320577,278,267,290,290
19737,clear nocolor A,clear,pass,0,0.002280457112786,0.9734682630629656,202,306,307,307
19737,cover green all,cover,pass,0,0.0029809450378323,0.2029110558728035,155,272,273,273
19737,move red B1,move,"(105, 80)",1,0.0228841750545996,0.0016506865611475,289,269,290,290
19737,fill nocolor B1,fill,pass,0,0.002106247838068,0.944337807991052,175,289,290,290
19737,uncover red all,uncover,"(74, 80)",1,0.0373830631825291,0.0041877013156404,289,288,290,290
19737,move green C1,move,"(85, 89)",-1,0.0102322508896552,0.0003088312136019,268,209,290,290
19737,cover blue all,cover,pass,0,0.0025279377621563,0.5181627291264949,183,289,290,290
19737,fill nocolor C2,fill,pass,0,0.0027469291913442,0.9472958342367628,209,306,307,307
19737,clear nocolor A1,clear,"(73, 57)",1,0.0130915336010498,0.0002207992291628,278,277,290,290
56864,clear nocolor C,clear,"(103, 64)",1,0.01211091251277,8.101122598506837e-09,275,148,290,290
56864,move red C1,move,"(61, 88)",1,0.0103153616408968,1.3407763487717604e-08,286,288,290,290
56864,uncover blue all,uncover,pass,0,0.0026768472130728,,153,0,290,290
56864,clear nocolor B,clear,pass,0,0.0031032717434443,0.9999990311884192,167,289,290,290
56864,fill nocolor A2,fill,pass,0,0.0031156986753607,0.9999976289956009,168,289,290,290
56864,cover red all,cover,"(75, 80)",1,0.0308872404597244,9.801509064452977e-08,287,284,290,290
56864,fill nocolor B1,fill,pass,0,0.0028834935411145,0.999998564287048,158,289,290,290
56864,uncover red all,uncover,pass,0,0.0036388841063139,0.999998634181228,202,306,307,307
56864,cover blue all,cover,pass,0,0.0033145091591017,0.999987127416239,190,289,290,290
56864,move red B,move,pass,0,0.0028849630844174,0.9999958760636376,160,289,290,290
66473,cover red all,cover,pass,0,0.0041701901602953,0.6619528502734942,218,289,290,290
66473,fill nocolor B2,fill,"(90, 67)",0,0.0017728146401399,0.0014687253023185,24,290,307,307
66473,uncover red all,uncover,pass,0,0.0040118879427607,0.9584307095928284,223,306,307,307
66473,fill nocolor C1,fill,pass,0,0.004002598910343,0.8932393707002633,233,306,307,307
66473,move blue B,move,pass,0,0.0042239150409596,0.9991419010134602,225,289,290,290
66473,move blue A,move,pass,0,0.0040959440326332,0.6681176601272192,213,289,290,290
66473,uncover green all,uncover,pass,0,0.0040271595509686,0.9768788481424489,224,306,307,307
66473,clear nocolor A1,clear,pass,0,0.0040709191669658,0.9393669625689284,240,306,307,307
66473,clear nocolor C,clear,pass,0,0.0039207266778024,0.938356016484324,216,306,307,307
66473,cover blue all,cover,"(68, 67)",0,0.0024636256869116,0.0028446448906928,112,172,307,307
67590,cover green all,cover,pass,0,0.0039888625881997,0.9999999999999826,191,272,273,273
67590,move blue C2,move,pass,0,0.0042125018017451,0.999999999999992,167,255,256,256
67590,clear nocolor B,clear,pass,0,0.0042100886484169,0.999999999999984,163,255,256,256
67590,uncover red all,uncover,pass,0,0.0039888625881997,0.9999999999999826,191,272,273,273
67590,fill nocolor B2,fill,pass,0,0.0041339214488529,0.999999999999992,168,255,256,256
67590,clear nocolor C,clear,pass,0,0.0039955661869251,0.999999999999992,183,272,273,273
67590,move red C1,move,pass,0,0.0040461968401405,0.9999999999999826,187,272,273,273
67590,fill nocolor C2,fill,pass,0,0.0041674646635088,0.999999999999992,192,272,273,273
67590,uncover blue all,uncover,pass,0,0.0039772661956164,0.9999999999999826,211,289,290,290
67590,cover blue all,cover,pass,0,0.004071536147723,0.999999999999996,188,272,273,273
97388,uncover green all,uncover,"(79, 98)",0,0.003069259482769,5.08242778446505e-05,198,199,273,273
97388,cover red all,cover,pass,0,0.003719271668461,0.1474518193047974,187,272,273,273
97388,move blue B,move,"(58, 54)",1,0.012683910997699,0.0005136588530698,281,280,290,290
97388,cover blue all,cover,"(68, 70)",-1,0.0260424383572274,0.0082447335558701,253,252,256,256
97388,move blue C,move,pass,0,0.001997033028462,0.981102198655094,145,255,256,256
97388,fill nocolor B1,fill,"(76, 78)",1,0.0680405389123345,0.0060031228678683,270,269,273,273
97388,clear nocolor B,clear,pass,0,0.0015292621835741,0.8341045672027703,157,272,273,273
97388,uncover red all,uncover,"(96, 81)",-1,0.0007061329570714,0.0002863343328822,40,41,290,290
97388,clear nocolor C2,clear,"(87, 85)",1,0.0430011746925978,0.001715094372672,286,285,290,290
97388,fill nocolor C2,fill,"(68, 71)",1,0.0416773152006285,0.0141955540755373,253,252,256,256
26365,uncover green all,uncover,"(77, 89)",0,0.0089142808716517,0.0031509652309486,268,263,290,290
26365,clear nocolor C,clear,"(80, 55)",0,0.0057259993302265,0.0020392860456731,233,231,273,273
26365,uncover red all,uncover,"(65, 84)",0,0.0053550848687364,0.000152037804951,255,240,290,290
26365,move green A2,move,pass,0,0.0043173933130457,0.146774140135429,244,306,307,307
26365,cover red all,cover,"(97, 81)",0,0.0029655706350699,0.0035638711079265,174,202,290,290
26365,move red B2,move,pass,0,0.0029201240101974,0.8425914630368936,171,272,273,273
26365,fill nocolor B2,fill,"(74, 64)",1,0.0423194055709352,0.0016824645020699,287,276,290,290
26365,fill nocolor C1,fill,"(88, 86)",1,0.0073224290491763,0.0029917270359303,256,250,290,290
26365,cover blue all,cover,"(67, 47)",1,0.0025341655753692,0.0014752952445,121,110,273,273
26365,clear nocolor A2,clear,"(65, 55)",0,0.0166027929431948,0.0038853224116343,283,283,290,290
62686,fill nocolor C2,fill,pass,0,0.0046227585901746,0.9999999999169624,197,272,273,273
62686,fill nocolor A2,fill,pass,0,0.004444240655702,0.9999999999169628,204,272,273,273
62686,uncover blue all,uncover,pass,0,0.0045261166026444,0.9999999997785678,195,272,273,273
62686,move green A,move,pass,0,0.0046714106186351,0.9999999996678516,205,272,273,273
62686,move red C,move,pass,0,0.0047696038291194,0.99999999941874,187,255,256,256
62686,cover green all,cover,pass,0,0.0046862403665644,0.9999999983115794,209,272,273,273
62686,clear nocolor B2,clear,pass,0,0.0045207404020604,0.9999999992526666,224,289,290,290
62686,uncover red all,uncover,pass,0,0.0047019882184039,0.9999999922221982,234,289,290,290
62686,clear nocolor A,clear,pass,0,0.0046144940213413,0.9999999998339258,224,289,290,290
62686,cover blue all,cover,pass,0,0.0044990559882283,0.9999999945749124,170,255,256,256
31601,move red B,move,pass,0,0.0037448419433822,0.9447560919210848,169,272,273,273
31601,uncover green all,uncover,pass,0,0.0040600328729159,0.8273093951136544,197,272,273,273
31601,uncover red all,uncover,pass,0,0.0038049126720341,0.9240494946454691,205,289,290,290
31601,cover blue all,cover,pass,0,0.0037912287245355,0.9240494946454691,207,289,290,290
31601,cover green all,cover,pass,0,0.0037713932152584,0.8273330856724053,176,272,273,273
31601,clear nocolor C,clear,pass,0,0.003851980801925,0.9240494995090562,169,272,273,273
31601,fill nocolor C2,fill,pass,0,0.0038817396817086,0.8825694161040455,192,289,290,290
31601,clear nocolor B,clear,pass,0,0.0041034396315789,0.9931150124113372,160,255,256,256
31601,fill nocolor B1,fill,pass,0,0.0039006848056003,0.8825694134844677,195,289,290,290
31601,move blue C,move,"(88, 54)",-1,0.0069391454957851,0.0002057215339269,261,179,273,273
67505,fill nocolor B1,fill,pass,0,0.0039982343078402,0.9541876272969488,171,272,273,273
67505,uncover blue all,uncover,pass,0,0.0039574965871518,0.9688563400560742,165,272,273,273
67505,uncover red all,uncover,pass,0,0.0040073373024088,0.6303341191740961,186,272,273,273
67505,fill nocolor A1,fill,pass,0,0.0039230179929332,0.6517636565762865,169,272,273,273
67505,cover blue all,cover,pass,0,0.0041285005051243,0.9808979176354156,162,255,256,256
67505,cover green all,cover,"(65, 42)",1,0.0023699270183389,0.0015101668762012,45,240,273,273
67505,move green C,move,pass,0,0.0039791881877142,0.6594533038177796,194,289,290,290
67505,clear nocolor A2,clear,pass,0,0.003964825090077,0.8911016132396729,189,272,273,273
67505,move red C2,move,pass,0,0.0039058379055894,0.8764295580786128,190,289,290,290
67505,clear nocolor C,clear,"(88, 105)",0,0.0059791512314665,0.0013984176580423,254,28,273,273
39232,uncover blue all,uncover,pass,0,0.0039452927342064,0.4001104705074491,192,289,290,290
39232,clear nocolor B,clear,pass,0,0.0034505326079715,0.9999634449420706,172,272,273,273
39232,move blue B,move,"(82, 56)",0,0.0036055713043387,0.0034987650309008,189,193,290,290
39232,fill nocolor A2,fill,"(99, 85)",0,0.0023013100393084,0.0017826695139663,70,69,273,273
39232,uncover green all,uncover,"(97, 59)",0,0.0047243724076177,0.0013687515890227,200,101,273,273
39232,cover red all,cover,"(58, 56)",-1,0.0050478875575496,0.0036704626328238,217,136,273,273
39232,move green C,move,pass,0,0.0034505561596008,0.5706989149236203,164,289,290,290
39232,clear nocolor B1,clear,pass,0,0.0036945102072521,0.642012722842614,160,255,256,256
39232,fill nocolor B2,fill,"(78, 63)",1,0.0141163558761381,0.0014240665362225,255,200,256,256
39232,cover green all,cover,pass,0,0.0037209760155219,0.719846873989701,168,272,273,273
36524,uncover blue all,uncover,"(95, 57)",1,0.001123125870105,0.0012674949350238,104,155,307,307
36524,fill nocolor A2,fill,"(76, 75)",0,0.0033516958424151,0.0034110097570918,199,218,290,290
36524,move blue A1,move,"(81, 75)",0,0.0101102087782078,0.0120823082475413,253,280,290,290
36524,clear nocolor C,clear,"(60, 66)",-1,0.0425758801592836,0.0242152755617502,305,302,307,307
36524,cover green all,cover,"(89, 48)",0,0.0027596333402121,0.003533699656064,142,230,290,290
36524,move green A2,move,"(95, 54)",0,0.00347647882306,0.0038861477001036,199,266,307,307
36524,clear nocolor B,clear,"(83, 48)",1,0.0041842617077429,0.005151256633284,219,259,307,307
36524,fill nocolor B2,fill,"(60, 66)",0,0.0425758801592836,0.0242152755617502,305,302,307,307
36524,cover red all,cover,"(79, 56)",-1,0.0029577237103969,0.0029643347980606,175,187,307,307
36524,uncover red all,uncover,"(67, 36)",0,0.0109499582419535,0.0110892741107517,283,287,307,307
78276,cover blue all,cover,"(78, 19)",-1,0.0217413965644344,0.0059363418054673,270,269,273,273
78276,uncover red all,uncover,pass,0,0.0032296874416619,0.4639150414667573,171,289,290,290
78276,move red C,move,"(88, 69)",0,0.0026265717754039,0.0019095174875059,150,151,273,273
78276,clear nocolor B1,clear,pass,0,0.0035103840420281,0.7038230964263725,200,289,290,290
78276,uncover blue all,uncover,pass,0,0.0038150830287412,0.3089247180649818,193,289,290,290
78276,cover green all,cover,"(75, 58)",0,0.0034620485155463,0.0004161149148288,151,151,273,273
78276,clear nocolor A2,clear,"(95, 89)",1,0.007843884361366,0.0058199648465299,273,272,290,290
78276,fill nocolor A2,fill,"(80, 72)",0,0.0017099448242216,0.0001755611273428,75,75,273,273
78276,fill nocolor C2,fill,"(67, 51)",1,0.0287020528722995,0.0464464098448695,254,254,256,256
78276,move green C1,move,pass,0,0.0030929195935979,0.8427533999343615,150,272,273,273
99977,move green B,move,"(70, 30)",0,0.0053169278317796,0.0042296359462281,233,208,273,273
99977,cover red all,cover,"(87, 46)",0,0.0184229319769479,0.0155168046070497,264,264,273,273
99977,fill nocolor C1,fill,"(88, 67)",1,0.0696559824918346,0.0259916661249085,271,271,273,273
99977,cover green all,cover,"(74, 37)",0,0.0027791352324848,0.0021989102236954,234,202,273,273
99977,uncover green all,uncover,"(95, 40)",1,0.0017570683779457,0.0014016179848031,124,101,273,273
99977,uncover blue all,uncover,"(66, 83)",0,0.0014073170251272,0.0023431028345976,173,196,290,290
99977,clear nocolor B2,clear,"(100, 30)",1,0.011846131180865,0.0096775089597317,253,252,273,273
99977,fill nocolor A2,fill,"(80, 41)",1,0.0964227196168122,0.0750797863455269,272,272,273,273
99977,clear nocolor A,clear,"(74, 60)",1,0.0265125883526666,0.0174611535713532,265,262,273,273
99977,move blue C,move,"(99, 67)",1,0.0154699745078523,0.0128981873279061,259,256,273,273
50905,cover green all,cover,"(75, 69)",0,0.0007554009801866,0.0007619437536537,30,31,307,307
50905,cover red all,cover,"(72, 84)",1,0.0057161279997057,0.0057327409099414,289,289,307,307
50905,clear nocolor A,clear,"(91, 74)",0,0.0038820526375096,0.0038962703548856,224,224,307,307
50905,uncover red all,uncover,"(87, 76)",-1,0.0027351003711958,0.0027495635851254,163,164,307,307
50905,clear nocolor C1,clear,"(102, 76)",1,0.0080334791305537,0.0080510701502784,274,274,307,307
50905,fill nocolor C1,fill,"(81, 86)",1,0.0389615222830528,0.0389376824216146,305,305,307,307
50905,fill nocolor B2,fill,"(87, 63)",1,0.0113879435737426,0.0113994119949414,289,289,307,307
50905,move blue B,move,"(85, 64)",0,0.0016507252873326,0.0016588380647985,110,111,307,307
50905,uncover blue all,uncover,"(75, 86)",1,0.0244778002674374,0.0244892525201744,305,305,307,307
50905,move red B2,move,"(77, 62)",0,0.002007453833692,0.0020144980779975,170,171,307,307
75842,cover blue all,cover,pass,0,0.0028109125971597,0.3379016005083903,194,289,290,290
75842,fill nocolor B1,fill,pass,0,0.0023842854973386,0.4900631070363292,190,306,307,307
75842,cover green all,cover,"(90, 56)",1,0.0019324072769504,0.0013570803002211,148,148,290,290
75842,clear nocolor A,clear,"(90, 78)",1,0.0132918977785254,0.0051126813561118,286,286,307,307
75842,clear nocolor C,clear,"(104, 61)",1,0.014168731574561,0.0155836409237905,263,263,273,273
75842,fill nocolor A1,fill,"(97, 41)",0,0.0060023343118637,0.0032149583325658,249,250,290,290
75842,move blue C2,move,"(103, 89)",0,0.0164837383945128,0.0200822894971999,265,264,273,273
75842,move blue C,move,"(97, 84)",1,0.019146752283588,0.0234992479793027,278,278,290,290
75842,uncover green all,uncover,"(72, 58)",0,0.0037525513106213,0.00193498906863,229,226,290,290
75842,uncover red all,uncover,"(59, 64)",1,0.0215457177149979,0.0251089588748565,296,296,307,307
49589,uncover blue all,uncover,"(93, 20)",0,0.0504813445657403,0.0791454669691579,287,287,290,290
49589,uncover green all,uncover,"(74, 73)",1,0.029331994153466,0.0019895966860371,299,298,307,307
49589,move red B1,move,pass,0,0.0018816648434435,0.9505108944263068,192,289,290,290
49589,clear nocolor B1,clear,pass,0,0.0011820508012555,0.1443822435501828,169,289,290,290
49589,clear nocolor B2,clear,"(83, 44)",1,0.0044187607799129,0.0005679373707574,242,241,290,290
49589,move red A2,move,"(74, 39)",0,0.0192197889020623,0.0088491076164797,284,282,290,290
49589,fill nocolor C2,fill,"(77, 71)",1,0.0063219346884176,0.0001680015261524,244,245,290,290
49589,cover green all,cover,"(77, 36)",0,0.0202074267644294,0.0164279671315342,275,275,290,290
49589,fill nocolor A2,fill,"(74, 60)",0,0.0105657186562476,0.0039586846113279,274,269,290,290
49589,cover blue all,cover,pass,0,0.0039578152299503,0.9786026841840868,210,289,290,290
53463,fill nocolor A1,fill,pass,0,0.0021747140640259,0.5299485420912132,122,289,290,290
53463,fill nocolor C1,fill,pass,0,0.002945735805463,0.951272018616613,188,289,290,290
53463,clear nocolor A,clear,pass,0,0.0025721028241354,0.9137792490270138,183,306,307,307
53463,clear nocolor C2,clear,"(106, 66)",1,0.0151867222086026,0.0020085102924134,249,248,273,273
53463,move green A1,move,"(98, 54)",1,0.0721065607177414,0.047933958284603,288,286,290,290
53463,move red C2,move,"(73, 69)",1,0.046323110976482,0.0125017718693809,287,286,290,290
53463,uncover red all,uncover,"(82, 78)",2,0.0320557129408673,0.0034693291625163,298,297,307,307
53463,cover red all,cover,pass,0,0.0018167885127711,0.9872117308233394,172,289,290,290
53463,cover blue all,cover,pass,0,0.0058936082110221,0.2590583805483213,225,289,290,290
53463,uncover blue all,uncover,pass,0,0.0025721028241354,0.9137792490270138,189,306,307,307
27371,move green A,move,"(76, 86)",0,0.0162727733072318,0.0038279416982975,289,285,290,290
27371,cover blue all,cover,"(72, 75)",1,0.012285074011158,0.0029931424646462,206,98,256,256
27371,move red C2,move,"(65, 87)",0,0.0076099784874036,0.0025472753396485,251,259,273,273
27371,fill nocolor B2,fill,"(93, 43)",0,0.0015836071003606,0.0001297922749598,64,24,273,273
27371,clear nocolor B,clear,"(82, 73)",1,0.0072097338867115,0.0024422840565435,228,213,273,273
27371,uncover green all,uncover,"(93, 85)",0,0.0035040553887742,0.0008463500791428,192,201,273,273
27371,uncover red all,uncover,"(65, 85)",0,0.0067904046179687,0.0027003562182234,249,249,273,273
27371,cover red all,cover,pass,0,0.0020364399888091,0.491503766421613,149,272,273,273
27371,clear nocolor A,clear,"(90, 71)",1,0.040605668998037,0.0134814056241542,271,265,273,273
27371,fill nocolor B1,fill,pass,0,0.002200264754767,0.1676325428329684,156,272,273,273
20272,fill nocolor C2,fill,"(88, 50)",-1,0.0170303584942137,9.373297150090827e-07,298,115,307,307
20272,move red C1,move,"(78, 66)",0,0.0137074056768931,5.805554195694535e-07,278,213,290,290
20272,cover green all,cover,"(78, 69)",0,0.0039235144714941,3.5370411891201736e-06,206,142,290,290
20272,clear nocolor A2,clear,"(67, 60)",0,0.0179549081399672,8.091765337925909e-07,297,296,307,307
20272,clear nocolor C1,clear,"(85, 63)",1,0.00877657149574,2.719736079613814e-07,283,275,307,307
20272,cover blue all,cover,"(97, 60)",1,0.0067340649232835,3.434686502544332e-06,274,183,307,307
20272,move red A1,move,"(67, 38)",1,0.0728557893379048,1.8418322578311844e-06,288,287,290,290
20272,uncover green all,uncover,"(98, 79)",0,0.0012091191172337,2.91604792410337e-07,205,155,307,307
20272,fill nocolor B2,fill,"(97, 60)",0,0.0015274658260754,2.689768817703088e-07,186,151,307,307
20272,uncover blue all,uncover,"(81, 69)",1,0.0406174165578164,,296,0,307,307
19487,cover red all,cover,"(38, 54)",0,0.0060188016243036,0.0009736081122616,238,174,273,273
19487,move green C,move,"(90, 86)",1,0.0052665781974364,0.0008853806821029,224,241,273,273
19487,cover green all,cover,pass,0,0.0040495688418338,0.8359622188343233,181,272,273,273
19487,uncover blue all,uncover,pass,0,0.0040513856034871,0.6532935200243645,197,272,273,273
19487,fill nocolor A2,fill,pass,0,0.0039988795472803,0.9228750634020992,218,289,290,290
19487,fill nocolor B1,fill,pass,0,0.0041176729601689,0.9506701739936216,166,255,256,256
19487,clear nocolor A2,clear,pass,0,0.0041438252417723,0.6757499739521426,194,272,273,273
19487,move red A1,move,pass,0,0.0040513856034871,0.6532935200243645,197,272,273,273
19487,uncover green all,uncover,pass,0,0.0039988795472803,0.9228750634020992,218,289,290,290
19487,clear nocolor C2,clear,pass,0,0.0039767388323733,0.9583161725182984,160,255,256,256
20340,fill nocolor C2,fill,pass,0,0.0025938559823889,0.9919645539941706,177,289,290,290
20340,move blue B,move,"(91, 80)",1,0.0194015778031425,0.0001367237045682,280,234,290,290
20340,clear nocolor A2,clear,pass,0,0.0020637269626319,0.9170696195147098,194,289,290,290
20340,uncover red all,uncover,pass,0,0.0018973028276905,0.9131993403687132,207,306,307,307
20340,uncover blue all,uncover,pass,0,0.0039102869079126,0.1773499022156786,250,306,307,307
20340,clear nocolor B2,clear,"(69, 92)",0,0.0053185958683784,0.0016836441060241,242,282,290,290
20340,cover blue all,cover,"(104, 71)",0,0.0296300242346052,0.0006954818871893,271,226,273,273
20340,move green C,move,"(79, 86)",1,0.044780271587622,0.003941499370248,289,287,290,290
20340,cover green all,cover,pass,0,0.002646197207711,0.8562939770583021,160,272,273,273
20340,fill nocolor C1,fill,"(81, 86)",1,0.0355212566294094,0.0065015388421041,288,283,290,290
68825,uncover blue all,uncover,pass,0,0.0009331428362096,0.9996378116145608,190,289,290,290
68825,clear nocolor C,clear,"(104, 63)",1,0.0127321557158568,6.52540703735807e-07,285,181,307,307
68825,cover blue all,cover,"(100, 58)",1,0.016727800613412,5.030691109144403e-06,270,125,290,290
68825,move green A,move,"(96, 59)",0,0.0329293679369374,1.5432654637842308e-07,301,167,307,307
68825,fill nocolor A2,fill,"(74, 59)",1,0.1048629973973249,,304,0,307,307
68825,fill nocolor C2,fill,"(104, 71)",1,0.0208281846818808,2.055289021199846e-07,291,156,307,307
68825,uncover green all,uncover,"(88, 50)",0,0.0063598743863075,1.4944767419089085e-07,289,272,307,307
68825,cover red all,cover,"(56, 52)",0,0.0678087132509974,1.687770040661151e-07,301,296,307,307
68825,move red B1,move,"(76, 61)",1,0.1081152275082344,4.3133774732233065e-08,286,266,290,290
68825,clear nocolor C1,clear,"(104, 69)",1,0.0208281846818808,2.055289021199846e-07,291,156,307,307
13662,cover green all,cover,"(81, 28)",-2,0.0025976191598591,0.0031378486631154,103,120,290,290
13662,uncover red all,uncover,"(95, 57)",-1,0.0008997938514955,0.0014499359418984,94,97,307,307
13662,cover blue all,cover,"(98, 106)",0,0.0037494944912454,0.0014683267770692,194,53,273,273
13662,clear nocolor A1,clear,"(107, 66)",0,0.0016727142979644,0.0016999768977708,117,104,290,290
13662,clear nocolor C,clear,"(102, 80)",1,0.0327530503623566,0.0244976157160046,289,289,290,290
13662,fill nocolor A2,fill,"(98, 57)",1,0.0055960783540155,0.0057703327340884,250,250,290,290
13662,move green A2,move,"(83, 57)",1,0.0037001698723712,0.0042448797725249,211,220,290,290
13662,uncover blue all,uncover,"(83, 88)",0,0.0199309591673561,0.014469298781807,301,301,307,307
13662,fill nocolor C2,fill,"(76, 87)",1,0.0071639853807661,0.0065228247979361,272,269,307,307
13662,move green C,move,"(83, 85)",1,0.0209891871541552,0.0149842196866282,284,284,290,290
29690,fill nocolor C1,fill,"(72, 83)",0,0.0034780924580146,0.0031289812549089,199,179,273,273
29690,cover red all,cover,"(55, 24)",0,0.0099728192907302,0.0152459281767064,246,260,273,273
29690,clear nocolor C2,clear,"(106, 105)",1,0.003208836446689,0.0012223586140813,170,116,256,256
29690,uncover blue all,uncover,"(86, 88)",0,0.0105027912244347,0.0121257080080407,253,254,273,273
29690,uncover red all,uncover,"(76, 74)",0,0.0156032131937933,0.0105199990821051,287,274,290,290
29690,fill nocolor C2,fill,"(80, 71)",1,0.1653329247564202,0.1159033672602668,271,270,273,273
29690,cover blue all,cover,"(101, 88)",0,0.006171580316077,0.0086152367328571,241,243,273,273
29690,clear nocolor C1,clear,"(86, 81)",1,0.0150986363556707,0.0153221935399176,272,273,290,290
29690,move red A,move,"(62, 74)",1,0.0843619474415513,0.0411070144851744,288,281,290,290
29690,move red C,move,"(60, 71)",1,0.0062925577851666,0.0072952435420315,243,245,273,273
92567,uncover green all,uncover,pass,0,0.0032308528295228,0.9467314782357698,219,289,290,290
92567,move red A,move,pass,0,0.0028823293228699,0.9693703336020494,160,272,273,273
92567,move green B1,move,"(106, 62)",1,0.01058197174265,0.0007088461668448,260,259,273,273
92567,clear nocolor A,clear,"(76, 42)",1,0.0123906586948961,0.0018791496191794,261,264,273,273
92567,fill nocolor A2,fill,pass,0,0.0030723322404049,0.949037368264922,188,289,290,290
92567,clear nocolor A2,clear,"(76, 74)",1,0.0085505011969083,0.0004941297199096,251,250,273,273
92567,uncover blue all,uncover,"(76, 54)",0,0.0098827955091111,0.0006202658407475,255,252,273,273
92567,cover blue all,cover,pass,0,0.0042211890500639,0.2084112868144556,198,272,273,273
92567,fill nocolor B2,fill,pass,0,0.0037099757818871,0.9800967395964366,176,272,273,273
92567,cover green all,cover,pass,0,0.0036406702187735,0.961583094459616,170,272,273,273
96815,move green B2,move,"(106, 82)",1,0.0059197678362509,0.0059140593585163,266,266,307,307
96815,uncover green all,uncover,"(99, 79)",0,0.0020878447714767,0.0021269964682017,161,162,307,307
96815,fill nocolor A2,fill,"(100, 58)",1,0.0111231603480735,0.0111011163418638,273,273,290,290
96815,cover blue all,cover,"(100, 89)",0,0.0053197398362495,0.0053500675410565,238,238,290,290
96815,clear nocolor A2,clear,"(100, 63)",0,0.0021069498969839,0.0021413633142545,172,173,290,290
96815,move red C,move,"(81, 70)",1,0.0375832046218075,0.0370036836563224,271,271,273,273
96815,uncover red all,uncover,"(57, 76)",1,0.0455121845260658,0.0434229370691098,283,283,290,290
96815,clear nocolor B,clear,"(67, 69)",0,0.014030452160961,0.0140221900230093,275,275,290,290
96815,fill nocolor C2,fill,"(80, 79)",0,0.0020724680993239,0.0021272620111857,206,206,290,290
96815,cover red all,cover,"(80, 55)",0,0.0060048802838153,0.0060227925389006,256,256,290,290
85609,move blue B2,move,pass,0,0.0015475613863023,0.9999924085127204,137,255,256,256
85609,clear nocolor C1,clear,"(86, 89)",1,0.0554292108043076,1.1614252418564242e-08,255,222,256,256
85609,clear nocolor B,clear,pass,0,0.003133073778473,0.999996625719996,144,238,239,239
85609,cover red all,cover,"(102, 67)",0,0.0005039780567532,9.633553213133329e-08,73,61,239,239
85609,cover green all,cover,"(56, 62)",1,0.0146089724040707,6.132020047410416e-07,192,101,222,222
85609,fill nocolor A1,fill,"(58, 77)",0,0.0281926407757476,1.9355509039704243e-08,230,219,239,239
85609,move red A2,move,"(56, 59)",1,0.0884263528896543,,238,0,239,239
85609,uncover green all,uncover,"(56, 39)",1,0.0835821080875388,,237,0,239,239
85609,fill nocolor C2,fill,"(86, 89)",1,0.0554292108043076,1.1614252418564242e-08,255,222,256,256
85609,uncover red all,uncover,pass,0,0.0015324080978488,0.9999924084413688,137,255,256,256
26316,cover red all,cover,"(96, 54)",0,0.009147174652514,2.513317971040798e-07,237,20,273,273
26316,clear nocolor C,clear,"(86, 55)",1,0.0273394576790472,4.2453328102587524e-08,289,256,290,290
26316,uncover blue all,uncover,pass,0,0.0031344752533203,0.9999427732081814,187,289,290,290
26316,cover blue all,cover,"(82, 80)",1,0.003926567085656,3.8239368350995095e-08,212,128,290,290
26316,fill nocolor B2,fill,"(58, 75)",0,0.0039411637352795,4.4319809518726937e-07,210,283,290,290
26316,uncover red all,uncover,"(58, 65)",0,0.0053615148894056,5.822113174061739e-07,234,247,290,290
26316,fill nocolor A2,fill,"(79, 59)",1,0.0129460899499121,3.021600979395924e-07,274,26,290,290
26316,move green B2,move,pass,0,0.0037812384058768,,176,0,290,290
26316,clear nocolor B1,clear,pass,0,0.0026798003319529,0.9999890443316548,148,272,273,273
26316,move red C1,move,pass,0,0.0026874702674506,0.9998981016966152,167,289,290,290
40168,fill nocolor B2,fill,"(71, 83)",0,0.0070416745309684,0.0082300906541818,280,284,307,307
40168,fill nocolor A2,fill,"(98, 100)",0,0.0032788182201249,0.0028411140235645,195,199,290,290
40168,move green C,move,"(98, 50)",1,0.0110957604597908,0.0127297398318758,280,280,290,290
40168,clear nocolor C2,clear,"(54, 82)",0,0.0230632681474833,0.0251556467200363,296,296,307,307
40168,uncover green all,uncover,"(99, 57)",-1,0.0040016459638298,0.0034692607395457,208,193,290,290
40168,cover blue all,cover,pass,0,0.0027662020625688,0.9769214511434426,203,289,290,290
40168,cover red all,cover,pass,0,0.0044570409098126,0.8525809687733483,219,289,290,290
40168,uncover blue all,uncover,"(67, 61)",1,0.0279667385401972,0.0379058117421138,304,304,307,307
40168,clear nocolor B,clear,pass,0,0.0035912153395596,0.3998687554485328,194,272,273,273
40168,move red A,move,"(79, 57)",1,0.001974934773791,0.0013836383354556,137,139,290,290
51310,move green B,move,pass,0,0.0041865614624148,0.9999999995896576,162,255,256,256
51310,uncover green all,uncover,pass,0,0.0038776969715898,0.9999999995896556,179,272,273,273
51310,uncover red all,uncover,pass,0,0.0040637792238626,0.9999999976063229,189,272,273,273
51310,move blue B,move,pass,0,0.0041815204230086,0.9999999999999972,194,272,273,273
51310,clear nocolor C,clear,pass,0,0.0038923182419476,0.999999998153448,167,272,273,273
51310,fill nocolor C1,fill,pass,0,0.0040719712490469,0.9999999991793108,191,272,273,273
51310,cover red all,cover,pass,0,0.00405676225995,0.9999999935028762,189,272,273,273
51310,clear nocolor C2,clear,pass,0,0.0040719712490469,0.9999999991793108,191,272,273,273
51310,cover green all,cover,pass,0,0.0041511857851453,0.9999999976063229,191,272,273,273
51310,fill nocolor C2,fill,pass,0,0.0038745970075051,0.9999999991793108,167,272,273,273
50933,fill nocolor B2,fill,"(98, 81)",1,0.0055835669747403,0.0055977634598108,273,273,307,307
50933,move red A,move,"(76, 73)",0,0.001868677964242,0.0018781457692488,63,64,290,290
50933,uncover red all,uncover,"(93, 54)",0,0.0056718039861999,0.0056882097738951,253,253,290,290
50933,clear nocolor B2,clear,"(101, 58)",1,0.0039694619755587,0.003982422991364,213,211,290,290
50933,fill nocolor C2,fill,"(84, 69)",1,0.0047248395658661,0.0047399025720182,227,227,290,290
50933,cover green all,cover,"(91, 60)",0,0.0065533986989648,0.006568599641506,228,228,273,273
50933,uncover green all,uncover,"(67, 99)",1,0.0061512142103268,0.0061666087513329,236,236,273,273
50933,move blue B,move,"(84, 60)",1,0.0042231290987222,0.0042363851035554,212,212,290,290
50933,cover blue all,cover,"(100, 89)",1,0.0058956743213935,0.005910092427213,247,247,290,290
50933,clear nocolor A2,clear,"(76, 73)",1,0.001730007359781,0.001738571483868,81,82,290,290
37196,move green A1,move,"(79, 59)",0,0.0049845614298699,0.0009850848115651,241,240,290,290
37196,fill nocolor C2,fill,pass,0,0.0039540077140762,0.7017442957455029,220,289,290,290
37196,clear nocolor A,clear,pass,0,0.0038988422443693,0.977752209574294,216,306,307,307
37196,cover blue all,cover,"(55, 87)",0,0.0072528778849494,0.003591702493463,258,257,290,290
37196,uncover green all,uncover,pass,0,0.004083715760117,0.9606065958290044,227,306,307,307
37196,fill nocolor A2,fill,pass,0,0.003886074287272,0.9762960174075028,195,289,290,290
37196,move blue C1,move,pass,0,0.0037953657686204,0.7247919675596068,195,289,290,290
37196,clear nocolor A1,clear,pass,0,0.003886074287272,0.9762960174075028,195,289,290,290
37196,cover green all,cover,pass,0,0.0040138909559416,0.4846074572273369,208,289,290,290
37196,uncover red all,uncover,pass,0,0.0036907222729788,0.9809449353764732,192,289,290,290
79463,uncover blue all,uncover,"(79, 62)",2,0.0327386249028428,0.0312191831259354,296,296,307,307
79463,move blue A2,move,"(98, 43)",-1,0.0002788714960578,0.000293691339367,61,60,307,307
79463,fill nocolor C1,fill,"(99, 64)",0,0.003892016175452,0.0039975116044957,214,222,307,307
79463,clear nocolor B,clear,"(98, 36)",1,0.0028376396393858,0.0029825168239582,269,271,307,307
79463,uncover red all,uncover,"(104, 71)",0,0.0067232541553404,0.007342160244048,278,287,307,307
79463,fill nocolor B1,fill,"(83, 62)",1,0.0449430711956218,0.0335300388106683,288,288,290,290
79463,move red C,move,"(79, 67)",1,0.1576155504311588,0.1655402555287464,306,306,307,307
79463,clear nocolor A,clear,"(82, 62)",0,0.0052217895914401,0.0049075373113467,249,243,307,307
79463,cover red all,cover,"(96, 74)",1,0.0054539714789814,0.0054045333675701,267,271,307,307
79463,cover green all,cover,"(58, 78)",1,0.0287255349917275,0.0300352610099034,295,295,307,307
27392,move blue A,move,pass,0,0.0042536967476328,0.9997336156515848,191,272,273,273
27392,fill nocolor B2,fill,pass,0,0.0044695185643309,0.9996187996849818,181,255,256,256
27392,cover green all,cover,pass,0,0.0043024625799707,,200,0,273,273
27392,uncover blue all,uncover,pass,0,0.0044498319792546,0.9991565850379586,193,272,273,273
27392,uncover green all,uncover,pass,0,0.0045712460140433,0.99974675552696,189,272,273,273
27392,move red B,move,"(81, 98)",0,0.0113892934846414,7.424776900466768e-07,279,278,290,290
27392,clear nocolor A2,clear,pass,0,0.0041222883353408,0.999826685820424,201,289,290,290
27392,clear nocolor C1,clear,pass,0,0.0045712460140433,0.99974675552696,189,272,273,273
27392,fill nocolor C1,fill,pass,0,0.0044629112215934,0.9991913054618804,195,272,273,273
27392,cover red all,cover,"(85, 83)",0,0.0040369482871256,4.070493414134556e-06,167,166,273,273
80393,cover blue all,cover,"(57, 50)",0,0.0027191897962067,0.0023268200087572,30,242,273,273
80393,uncover red all,uncover,"(88, 71)",0,0.0030859989692508,0.0006847516258297,102,157,273,273
80393,clear nocolor C2,clear,pass,0,0.004101067891795,0.669583839165337,194,272,273,273
80393,move green A1,move,pass,0,0.0041209915360794,0.8380108510928285,197,272,273,273
80393,cover green all,cover,pass,0,0.0039989770207257,0.983267103515812,187,272,273,273
80393,fill nocolor C2,fill,pass,0,0.0041254410426469,0.9666165316845852,192,272,273,273
80393,fill nocolor A1,fill,pass,0,0.0041193576831902,0.8047625858661138,198,272,273,273
80393,clear nocolor B,clear,pass,0,0.0039391121369125,0.9832979618196914,216,289,290,290
80393,move green B2,move,pass,0,0.0040378681176427,0.8358166950448441,191,272,273,273
80393,uncover green all,uncover,pass,0,0.0040868397919899,0.558424681703883,201,272,273,273
94317,move blue B,move,"(72, 43)",1,0.0182630127815402,0.0018321793505839,244,120,256,256
94317,cover green all,cover,"(73, 38)",0,0.0017908389006072,0.0018215759329647,96,155,256,256
94317,cover red all,cover,"(74, 58)",0,0.0076424666195285,0.0056970288353103,225,185,256,256
94317,uncover red all,uncover,"(90, 55)",1,0.0023030583830757,0.0157818075045752,124,234,256,256
94317,clear nocolor C,clear,"(102, 65)",1,0.0122137605300888,0.0046701762520896,246,170,256,256
94317,fill nocolor C2,fill,"(81, 88)",1,0.0224135077213976,0.0014720091488751,271,34,273,273
94317,clear nocolor B1,clear,"(98, 27)",1,0.0244919527916027,0.0189231114240464,251,251,256,256
94317,fill nocolor A1,fill,"(60, 61)",0,0.0006255707675285,0.0163956468033339,23,241,256,256
94317,move blue C,move,"(74, 48)",0,0.0125537658814186,0.015956985297681,244,230,256,256
94317,uncover green all,uncover,"(74, 36)",2,0.0061883384206559,0.0159002801618411,227,230,256,256
70176,fill nocolor C1,fill,"(106, 86)",1,0.0270748499449711,0.0270513639291799,248,248,256,256
70176,fill nocolor A1,fill,"(95, 55)",1,0.0009092149141959,0.0009145070647271,70,71,256,256
70176,move blue A2,move,"(92, 59)",1,0.0130289382671846,0.0130489260218007,237,237,256,256
70176,clear nocolor A1,clear,"(72, 96)",1,0.0092097900908772,0.0092276023372398,255,255,273,273
70176,uncover blue all,uncover,"(57, 37)",1,0.0730061229737568,0.0729510181091025,254,254,256,256
70176,cover red all,cover,"(71, 97)",0,0.0023381989385225,0.0023556971382692,198,198,239,239
70176,clear nocolor B2,clear,"(74, 96)",0,0.0058145799641835,0.0058325567890756,238,238,273,273
70176,uncover green all,uncover,"(71, 105)",1,0.0357305264593302,0.0357407570134071,261,261,273,273
70176,move red A,move,"(88, 54)",1,0.0453403467884639,0.0452865535808994,253,253,256,256
70176,cover green all,cover,"(92, 55)",1,0.0110785729788696,0.0110784650550747,222,222,256,256
53968,cover blue all,cover,"(104, 89)",0,0.0046934764300629,0.0051483646662716,243,255,290,290
53968,clear nocolor B1,clear,"(63, 60)",-1,0.0032027855735515,0.0008191686642711,182,92,273,273
53968,fill nocolor C1,fill,"(83, 84)",1,0.0112565544321726,0.0156476846997609,244,255,273,273
53968,move green A1,move,"(107, 72)",0,0.0022173582526696,0.0038683313232379,169,213,290,290
53968,cover green all,cover,"(80, 45)",1,0.0028452622846101,0.0126433290123616,117,199,273,273
53968,uncover blue all,uncover,"(65, 82)",1,0.0325025694086928,0.0230845026924099,266,266,273,273
53968,uncover green all,uncover,"(65, 106)",1,0.0139833023904998,0.0058173824202163,278,256,290,290
53968,move blue C1,move,"(107, 62)",-1,0.002961390869863,0.0048838160232127,140,203,256,256
53968,clear nocolor C,clear,"(73, 90)",0,0.0220468806783036,0.0153863020936161,263,264,273,273
53968,fill nocolor B1,fill,"(58, 106)",0,0.0246292352446689,0.0148450934989626,267,258,273,273
73406,fill nocolor C2,fill,pass,0,0.0016059553810066,0.8898253688373795,176,289,290,290
73406,cover red all,cover,"(72, 43)",0,0.0077203809034108,0.00075459765505,257,246,290,290
73406,move red A,move,"(98, 95)",1,0.0281595532466249,0.0009480237790766,289,286,290,290
73406,uncover red all,uncover,pass,0,0.0026057386059771,0.1269646306743499,188,289,290,290
73406,move blue A,move,"(66, 57)",1,0.0056262651471404,0.0036804833404529,255,254,290,290
73406,clear nocolor A,clear,"(66, 60)",0,0.0240965300645466,0.0179666306632511,280,279,290,290
73406,uncover blue all,uncover,"(66, 85)",1,0.0028060116085097,0.0006986560901778,217,215,290,290
73406,clear nocolor A1,clear,"(68, 71)",0,0.022735792302054,0.0243274595279771,279,280,290,290
73406,fill nocolor A1,fill,"(94, 54)",1,0.006710503738984,0.0014220960239523,244,244,290,290
73406,cover blue all,cover,"(68, 71)",1,0.0447562195197153,0.0602875845978094,286,286,290,290
16229,uncover red all,uncover,"(66, 58)",1,0.0075910493343741,0.0076127145636049,261,261,290,290
16229,clear nocolor B2,clear,"(82, 51)",1,0.0154984577899968,0.0156686525080383,284,284,290,290
16229,cover red all,cover,"(54, 77)",1,0.0037455863936912,0.003752567375066,203,206,290,290
16229,cover blue all,cover,"(92, 55)",0,0.0025626960822409,0.0025541776977458,155,165,290,290
16229,clear nocolor A,clear,"(94, 61)",1,0.0104965112210122,0.0105478166341124,252,252,273,273
16229,uncover blue all,uncover,"(85, 73)",-1,0.0013650754954409,0.0013553945436317,102,104,290,290
16229,move blue B2,move,"(66, 68)",1,0.0024261840346328,0.002448426618722,193,194,290,290
16229,fill nocolor A1,fill,"(95, 73)",1,0.0420949918333748,0.0413261413093259,270,270,273,273
16229,fill nocolor B2,fill,"(94, 65)",1,0.0148731819596728,0.0147500922546924,268,268,290,290
16229,move green A1,move,"(80, 73)",1,0.0165283607116593,0.0164794009451741,272,272,290,290
58601,uncover green all,uncover,"(94, 78)",1,0.0070136530133944,0.0070844305095728,271,271,290,290
58601,cover blue all,cover,"(92, 69)",0,0.001028111721959,0.0010470221046008,203,206,273,273
58601,move red C,move,"(81, 71)",0,0.0519877593792781,0.0517386591446965,268,269,273,273
58601,move blue C1,move,"(98, 50)",1,0.2647467857610607,0.263678844941085,270,271,273,273
58601,fill nocolor A1,fill,"(98, 73)",1,0.4128574151893069,0.4094567475698721,272,272,273,273
58601,clear nocolor C,clear,"(80, 73)",0,0.0047115070009084,0.0047551145865872,233,233,273,273
58601,uncover blue all,uncover,"(84, 78)",1,0.1298209907255011,0.1286509139935094,288,288,290,290
58601,clear nocolor B,clear,"(98, 73)",1,0.4128574151893072,0.4094567475698721,272,272,273,273
58601,cover green all,cover,"(107, 67)",1,0.0217322833872526,0.0214076381621786,210,213,256,256
58601,fill nocolor B1,fill,"(91, 97)",1,0.1260249663305049,0.1254736669516551,267,271,273,273
28567,fill nocolor C2,fill,pass,0,0.0043902510184465,0.9999999988378996,193,272,273,273
28567,move green C2,move,pass,0,0.0043201920123381,0.999999994023527,195,272,273,273
28567,fill nocolor B2,fill,pass,0,0.0043987974720312,0.9999999998339952,211,289,290,290
28567,uncover green all,uncover,pass,0,0.0045438218958474,0.9999999955176389,204,272,273,273
28567,cover red all,cover,pass,0,0.0044765079060301,0.9999999955176444,203,272,273,273
28567,clear nocolor C,clear,pass,0,0.0043987974720312,0.9999999998339952,211,289,290,290
28567,clear nocolor C1,clear,pass,0,0.004361294009303,0.9999999998339952,187,272,273,273
28567,uncover blue all,uncover,pass,0,0.0043665509707761,0.999999998837899,188,272,273,273
28567,move red C2,move,pass,0,0.0043986604547617,0.99999999750978,194,272,273,273
28567,cover green all,cover,pass,0,0.00436955232394,0.9999999988378931,192,272,273,273
47326,cover green all,cover,"(69, 89)",1,0.0030323312845121,0.0029030356114596,205,202,307,307
47326,move red B1,move,"(79, 96)",0,0.0141923100847179,0.0130335542987511,253,252,273,273
47326,uncover blue all,uncover,"(69, 90)",1,0.0265402408342017,0.0273435887912298,270,270,273,273
47326,cover blue all,cover,"(77, 90)",0,0.0115826581971064,0.0094682167781164,266,263,290,290
47326,clear nocolor C1,clear,"(102, 78)",1,0.0014578191806559,0.0017177417873298,104,110,273,273
47326,move blue A2,move,"(75, 90)",0,0.0024532798300308,0.0023845329797448,161,161,273,273
47326,clear nocolor A2,clear,"(75, 63)",1,0.0012889880978782,0.0015551472090782,129,135,290,290
47326,fill nocolor B1,fill,"(82, 60)",1,0.0606529126665131,0.0708273343652474,289,289,290,290
47326,fill nocolor A1,fill,"(64, 72)",1,0.0277985598157916,0.0258241362576083,302,302,307,307
47326,uncover red all,uncover,"(83, 86)",1,0.0130622215549024,0.0109778151176931,264,258,290,290
37887,uncover red all,uncover,"(97, 63)",0,0.0029739230073367,0.0037326705386503,139,163,273,273
37887,cover blue all,cover,pass,0,0.0035200261729151,0.2499997533353234,159,272,273,273
37887,clear nocolor A,clear,"(68, 100)",0,0.0088563766320641,0.0043583977262704,263,200,273,273
37887,move red C,move,"(74, 69)",1,0.0020497520045202,0.0028721036097623,79,72,273,273
37887,fill nocolor A2,fill,"(73, 59)",1,0.0034818331227782,0.0042815056706781,191,217,273,273
37887,cover red all,cover,"(54, 79)",-1,0.0031473033799394,0.0013950712524789,98,36,256,256
37887,uncover blue all,uncover,"(97, 76)",0,0.0064707668399152,0.0022583275627188,245,254,273,273
37887,move red A1,move,"(73, 18)",0,0.0035166662003015,0.003100864751834,157,189,273,273
37887,clear nocolor B,clear,"(101, 69)",1,0.0063272797922521,0.0054609689748405,242,255,273,273
37887,fill nocolor C1,fill,"(78, 67)",1,0.0163706341604546,0.002327573562416,272,271,273,273
64140,cover green all,cover,"(91, 39)",0,0.009940981571282,0.01113626605552,249,249,273,273
64140,uncover blue all,uncover,pass,0,0.0029459928539695,0.3797909591211071,191,306,307,307
64140,uncover red all,uncover,pass,0,0.0033371931318524,0.7315457070661058,203,289,290,290
64140,move blue A2,move,"(91, 77)",1,0.021946712618109,0.0185096204376008,272,271,273,273
64140,fill nocolor B2,fill,"(97, 77)",0,0.0040785644601663,0.0038755399114356,265,263,307,307
64140,clear nocolor C1,clear,"(89, 54)",0,0.0041112595782103,0.0038306355073973,220,220,290,290
64140,cover red all,cover,"(90, 56)",0,0.0032189673001799,0.0028696441934654,170,171,273,273
64140,move blue C,move,"(91, 77)",0,0.0040286791042544,0.0023357828884843,188,187,273,273
64140,fill nocolor C2,fill,"(92, 77)",0,0.0033465048583911,0.0030849268588102,181,182,290,290
64140,clear nocolor A2,clear,"(78, 54)",0,0.0110155007499643,0.0124523030140312,272,272,290,290
79869,fill nocolor C2,fill,"(63, 89)",1,0.128133333817993,,271,0,273,273
79869,cover red all,cover,"(63, 68)",1,0.0419030627389626,3.827198230800636e-06,269,266,273,273
79869,uncover green all,uncover,"(79, 44)",1,0.0803182686707174,5.610333767719458e-06,265,34,273,273
79869,cover blue all,cover,"(82, 47)",0,7.151962780208438e-05,6.147735638372296e-06,97,33,273,273
79869,move green C,move,"(97, 89)",1,0.1066755544509846,1.8072680733030927e-06,272,240,273,273
79869,uncover blue all,uncover,pass,0,0.0009145709411856,0.9958034246518128,237,289,290,290
79869,fill nocolor B2,fill,"(80, 47)",1,0.0689122764915034,3.6176455166413486e-06,271,225,273,273
79869,move red A1,move,"(77, 55)",1,0.0059187664948586,3.2755100269960463e-06,231,247,273,273
79869,clear nocolor C1,clear,"(85, 61)",1,0.086972672520059,2.7283756476679133e-06,267,240,273,273
79869,clear nocolor C2,clear,"(105, 78)",1,0.0678383929524134,2.4180875367703234e-06,287,250,290,290
58692,cover red all,cover,"(81, 80)",1,0.005484916640097,0.0055059910507927,175,175,239,239
58692,fill nocolor C1,fill,"(101, 68)",1,0.0867918743958151,0.0866295781181055,253,253,256,256
58692,move green B1,move,"(99, 61)",1,0.0865469846729329,0.0863633531173026,253,253,256,256
58692,move green A1,move,"(78, 36)",1,0.0225405895482403,0.0225446259924714,248,248,256,256
58692,fill nocolor B1,fill,"(101, 60)",1,0.0925241886927188,0.0923457664076003,253,253,256,256
58692,cover green all,cover,"(81, 79)",-1,3.4148592385965645e-05,3.457037349362677e-05,0,0,256,256
58692,uncover green all,uncover,"(85, 52)",0,0.0015235817756375,0.0015308337769417,158,158,256,256
58692,clear nocolor A,clear,"(74, 68)",1,0.0137654930409057,0.0137837279966767,238,238,256,256
58692,uncover blue all,uncover,"(86, 82)",0,0.0090095726651113,0.0090270130819631,243,243,273,273
58692,clear nocolor B1,clear,"(66, 82)",0,0.0577536295822658,0.0577144851506546,271,271,273,273
91733,uncover green all,uncover,"(71, 59)",1,0.0408035445030883,0.0097252335074801,268,263,273,273
91733,fill nocolor B2,fill,"(67, 95)",0,0.001972748614828,0.0001336637018443,136,59,273,273
91733,move green B2,move,pass,0,0.0041979805906178,0.2189111504596774,223,289,290,290
91733,clear nocolor C,clear,pass,0,0.0026156565596431,0.3492109659005797,164,272,273,273
91733,clear nocolor A2,clear,"(93, 55)",1,0.0112344525890198,0.016167920925688,259,264,273,273
91733,fill nocolor C2,fill,"(86, 88)",1,0.0065961985609328,0.0127139490101463,231,258,273,273
91733,uncover blue all,uncover,"(72, 100)",1,0.0302241484638836,0.0154083233053062,286,280,290,290
91733,move blue C1,move,"(89, 66)",0,0.0082148963679186,0.0014851405930834,256,249,273,273
91733,cover green all,cover,pass,0,0.0016578772901375,0.6376167766001772,170,272,273,273
91733,cover blue all,cover,"(71, 68)",0,0.0107175913949555,0.0089091995361891,253,258,273,273
39277,clear nocolor B2,clear,pass,0,0.0037527756252411,0.9498265993017866,204,289,290,290
39277,uncover red all,uncover,"(55, 49)",1,0.0251588620417351,0.0681152817401789,272,271,273,273
39277,cover red all,cover,pass,0,0.0041370552183719,0.9199891835568866,243,306,307,307
39277,move blue B,move,pass,0,0.003859123476469,0.9272383911088168,219,306,307,307
39277,uncover green all,uncover,pass,0,0.0035930540010101,0.8978458509303682,201,289,290,290
39277,cover green all,cover,pass,0,0.0041123877257168,0.9228892709169672,219,289,290,290
39277,move green B,move,pass,0,0.0037941701648648,0.931571650933808,181,272,273,273
39277,clear nocolor B,clear,pass,0,0.0039801724532494,0.9245493595776412,211,289,290,290
39277,fill nocolor B1,fill,pass,0,0.0038770552730596,0.8774095905584073,215,289,290,290
39277,fill nocolor A1,fill,pass,0,0.0040114238764973,0.7754213789234583,178,272,273,273
36088,move blue B2,move,"(98, 47)",1,0.0550881412042111,0.0550156252897441,305,305,307,307
36088,uncover green all,uncover,"(55, 69)",0,0.0011054213063419,0.00111461988191,285,285,307,307
36088,fill nocolor A2,fill,"(88, 54)",0,0.2352083824673038,0.2350520500008042,306,306,307,307
36088,uncover blue all,uncover,"(98, 60)",1,0.0007612542514067,0.0007665355592375,128,129,307,307
36088,cover green all,cover,"(70, 67)",0,0.0333403602891064,0.0333412688577516,301,301,307,307
36088,fill nocolor B1,fill,"(82, 60)",1,0.0827030713575554,0.0826479225205282,306,306,307,307
36088,clear nocolor B,clear,"(101, 69)",1,0.0115689506466496,0.0115702272281975,285,285,307,307
36088,clear nocolor B2,clear,"(81, 60)",1,0.0098417389832888,0.0098653148593341,292,292,307,307
36088,move green A2,move,"(70, 87)",1,0.034476755113038,0.0345300079475498,300,300,307,307
36088,cover red all,cover,"(101, 34)",0,0.0075681506154883,0.0075621550421175,281,281,307,307
74045,uncover green all,uncover,pass,0,0.0032926762515515,0.8580374621396952,205,289,290,290
74045,cover red all,cover,pass,0,0.0037630868910241,0.1336452053394852,217,289,290,290
74045,clear nocolor B,clear,"(71, 48)",0,0.0269220053137992,0.0040088119678569,286,286,290,290
74045,cover green all,cover,"(76, 77)",0,0.0099966490220692,0.0121762875603981,277,278,290,290
74045,move red B1,move,"(95, 60)",1,0.0119810089088432,0.0009641557946656,273,271,290,290
74045,uncover red all,uncover,"(84, 82)",2,0.0173477444582311,0.0017636692431122,301,267,307,307
74045,fill nocolor B2,fill,pass,0,0.003494954727773,0.7396174128640775,221,306,307,307
74045,move blue B2,move,"(98, 82)",1,0.0009076263510384,0.000114688429316,75,78,290,290
74045,fill nocolor C1,fill,"(98, 86)",1,0.0015159998725091,0.0001691561359365,132,123,290,290
74045,clear nocolor B1,clear,"(98, 77)",1,0.0135050495360793,0.0011210241415038,274,266,290,290
26027,uncover blue all,uncover,"(59, 63)",0,0.0018857778410326,0.001148175176506,137,130,290,290
26027,clear nocolor A2,clear,"(77, 38)",1,0.0410614506491025,0.0658910381981306,272,272,273,273
26027,uncover red all,uncover,"(64, 79)",0,0.0034341621402984,0.0019857325865595,228,178,290,290
26027,clear nocolor B,clear,"(62, 23)",1,0.0348600033663922,0.0552231503815629,268,270,273,273
26027,fill nocolor B2,fill,"(64, 83)",0,0.0188897585140201,0.0160571266315762,274,273,290,290
26027,cover green all,cover,"(80, 42)",-1,0.0023601816836891,0.0017606215430697,114,56,273,273
26027,cover blue all,cover,pass,0,0.0018292827408306,0.390733145381576,172,272,273,273
26027,move green B2,move,"(107, 83)",1,0.0155859476542402,0.0242135017723515,278,284,290,290
26027,move red C,move,"(82, 101)",0,0.0168751405743401,0.0182424243705666,264,264,273,273
26027,fill nocolor A2,fill,"(103, 75)",1,0.0030693762692231,0.0017548309539406,210,213,273,273
35291,clear nocolor C2,clear,"(81, 100)",0,0.0098469575663635,0.0037536185589653,251,263,273,273
35291,uncover green all,uncover,"(75, 72)",0,0.0057900863544242,0.0005050203548692,241,248,273,273
35291,move red A1,move,"(106, 71)",0,0.0030877902730457,0.0002164264747822,159,97,256,256
35291,cover blue all,cover,pass,0,0.0039336794749841,0.1000010697207564,169,255,256,256
35291,fill nocolor C1,fill,"(98, 76)",0,0.0060586111838963,0.0007821318778968,228,242,273,273
35291,clear nocolor C,clear,"(67, 79)",1,0.014893248725696,0.0011719705498723,262,258,273,273
35291,fill nocolor B2,fill,"(85, 101)",1,0.0450203239861432,0.0030816233029148,289,288,290,290
35291,cover green all,cover,"(86, 31)",0,0.0019134998257197,0.000447524143192,120,85,273,273
35291,uncover blue all,uncover,"(96, 80)",0,0.0017054442805561,2.095612732361244e-05,124,113,273,273
35291,move blue C1,move,"(87, 48)",0,0.0081011769756842,0.0013119813511868,247,225,273,273
49030,uncover green all,uncover,"(97, 41)",1,0.0131073994682185,4.858069312193621e-08,257,120,273,273
49030,uncover blue all,uncover,"(96, 47)",1,0.0046713111062554,1.7759920450037498e-08,225,28,273,273
49030,move red C2,move,"(89, 88)",0,0.019088287633012,5.2406078416114906e-08,276,251,290,290
49030,cover red all,cover,"(103, 68)",0,0.0001632030783208,1.539378384158129e-07,90,80,273,273
49030,cover blue all,cover,"(74, 40)",0,0.0285287616998851,1.1398424610628642e-08,268,18,273,273
49030,clear nocolor A2,clear,"(94, 46)",1,0.0340031335891205,1.5073307130571648e-08,268,109,273,273
49030,fill nocolor B2,fill,"(102, 46)",1,0.0065066489332071,4.2108584765476224e-08,250,29,273,273
49030,clear nocolor C2,clear,"(89, 48)",1,0.020576757034445,,264,0,273,273
49030,move red C1,move,"(89, 68)",0,0.0452609757025269,5.5667975062545735e-08,272,232,273,273
49030,fill nocolor A2,fill,"(74, 57)",1,0.0217521625299244,2.8588782620616943e-08,263,121,273,273
55983,move blue B,move,pass,0,0.0016869245487472,0.2307539286109677,190,289,290,290
55983,clear nocolor A,clear,"(73, 81)",1,0.0077100519828784,0.0046910239023258,259,247,290,290
55983,fill nocolor C1,fill,"(73, 66)",1,0.0910108801925917,0.0034731190136107,288,267,290,290
55983,clear nocolor B1,clear,"(97, 77)",1,0.0056679356315771,0.0008876131139535,270,263,307,307
55983,fill nocolor B2,fill,"(98, 81)",1,0.0668164435500935,0.0022541102714426,288,253,290,290
55983,cover red all,cover,pass,0,0.001375071412098,0.5096941905399346,193,289,290,290
55983,move green A1,move,"(93, 54)",0,0.0291789220005715,3.287416198300123e-05,270,23,273,273
55983,cover blue all,cover,"(89, 94)",0,0.0134293815980026,0.0042248625639658,277,284,290,290
55983,uncover red all,uncover,pass,0,0.0022193440169753,0.2699478581113661,209,306,307,307
55983,uncover green all,uncover,"(83, 77)",0,0.0124724208450786,0.0010040449661972,292,272,307,307
71814,clear nocolor B,clear,pass,0,0.0038775852545344,0.9999999882441686,206,289,290,290
71814,fill nocolor C1,fill,pass,0,0.0039469324241977,0.9999999454966272,205,289,290,290
71814,cover green all,cover,pass,0,0.0040408759111004,0.9999999647334212,191,272,273,273
71814,move blue B2,move,pass,0,0.0039622777103001,0.9999999454969332,231,306,307,307
71814,cover red all,cover,pass,0,0.0039984385020635,0.9999999690081588,209,289,290,290
71814,fill nocolor B2,fill,pass,0,0.0039587690487992,0.9999999540462068,212,289,290,290
71814,uncover blue all,uncover,pass,0,0.0041107300219021,0.999999976489258,221,289,290,290
71814,clear nocolor A1,clear,pass,0,0.0039803634226904,0.9999999658021425,208,289,290,290
71814,uncover green all,uncover,pass,0,0.0040133988920742,0.9999999454969332,211,289,290,290
71814,move red B,move,pass,0,0.0040194598980811,0.9999999882444568,181,272,273,273
22765,fill nocolor C2,fill,pass,0,0.00205034661782,0.3241814341135437,204,306,307,307
22765,cover red all,cover,"(106, 84)",1,0.0287994182484279,0.0790229959576225,287,286,290,290
22765,uncover red all,uncover,pass,0,0.003869189060612,0.9997677408688062,219,306,307,307
22765,fill nocolor B2,fill,pass,0,0.0027916106012572,0.9749343581798784,192,306,307,307
22765,clear nocolor B2,clear,pass,0,0.0030557592139314,0.8679389563218581,175,306,307,307
22765,move green B1,move,"(80, 88)",0,0.0208292022874281,0.0119864317345807,300,299,307,307
22765,clear nocolor A,clear,pass,0,0.0035292580501927,0.8178242927944896,210,306,307,307
22765,cover green all,cover,pass,0,0.0030220993244733,0.8478012352621925,179,289,290,290
22765,uncover green all,uncover,"(80, 88)",0,0.0175388820608177,0.0130448145882803,296,296,307,307
22765,move blue B2,move,pass,0,0.0030296515358781,0.7491010226449011,206,306,307,307
93884,clear nocolor C1,clear,"(89, 67)",1,4.1477985579874064e-05,1.4937910269364875e-06,0,20,273,273
93884,move red C1,move,"(59, 66)",1,0.0425423426706413,1.6875173747225537e-06,270,234,273,273
93884,cover red all,cover,"(57, 73)",0,0.0209984700781396,2.5329870614717462e-06,264,264,273,273
93884,clear nocolor B,clear,"(57, 105)",0,0.0214612011589332,2.2629600869415403e-06,282,278,290,290
93884,uncover red all,uncover,"(84, 80)",0,0.008333232158663,,237,0,273,273
93884,uncover blue all,uncover,"(85, 71)",1,0.0044322176304644,1.7831635434202051e-06,219,116,273,273
93884,fill nocolor A1,fill,"(59, 56)",1,0.0074766098580704,3.576185393515058e-06,237,264,273,273
93884,cover green all,cover,"(59, 42)",0,0.0226946901185667,4.2972560441507606e-06,261,219,273,273
93884,fill nocolor B2,fill,"(67, 63)",1,0.0562802666510485,3.796952095227229e-07,271,262,273,273
93884,move red A2,move,"(67, 39)",1,0.0192774210546432,3.1271619909716318e-06,245,214,256,256
89675,move blue C2,move,"(83, 69)",1,0.0152815679185706,0.0151704682309249,261,261,273,273
89675,clear nocolor A1,clear,"(74, 57)",1,0.0013473754688826,0.0013419841313676,102,103,290,290
89675,fill nocolor B2,fill,"(96, 65)",1,0.0049236206137167,0.004905154420259,243,244,290,290
89675,cover blue all,cover,"(75, 56)",-1,0.0149662826575826,0.014818464341624,278,279,290,290
89675,fill nocolor C1,fill,"(79, 84)",1,0.0046433064341929,0.0047952848380428,248,248,290,290
89675,cover green all,cover,"(79, 59)",0,0.0111880334675087,0.0111833582730971,252,252,273,273
89675,uncover blue all,uncover,"(74, 57)",-1,0.0013473754688826,0.0013419841313676,102,103,290,290
89675,clear nocolor C1,clear,"(80, 89)",0,0.0335059486002113,0.0337080930677441,306,306,307,307
89675,uncover red all,uncover,"(90, 57)",1,0.0088659149724525,0.0088554696192281,268,268,290,290
89675,move red C2,move,"(86, 52)",0,0.0178529977081178,0.0176970108277003,265,265,290,290
86933,fill nocolor C2,fill,"(66, 70)",1,0.0045887215028451,0.0046082524972017,241,241,273,273
86933,clear nocolor C2,clear,"(71, 67)",1,0.0514569569209344,0.0514039558960534,272,272,273,273
86933,uncover green all,uncover,"(75, 73)",1,0.0023303225218141,0.0023419747685608,93,94,273,273
86933,clear nocolor B1,clear,"(98, 58)",1,0.020435291500653,0.0204200025893522,270,270,273,273
86933,move blue B1,move,"(91, 79)",0,0.0086149806449562,0.0086329345246816,269,269,290,290
86933,cover blue all,cover,"(66, 37)",-1,0.0020744883740164,0.0020884887562704,58,61,256,256
86933,cover red all,cover,"(80, 73)",0,0.0018443212380413,0.0018545521941423,67,68,273,273
86933,move red A,move,"(77, 54)",0,0.0431809840878842,0.0431381582101059,272,272,273,273
86933,fill nocolor B1,fill,"(103, 81)",0,0.0008381405809755,0.0008436379877755,63,64,290,290
86933,uncover red all,uncover,"(80, 46)",0,0.0034874282358462,0.003502631583678,149,150,273,273
53007,move red B1,move,"(89, 62)",1,0.0341576262592162,0.0341335188037991,281,281,290,290
53007,clear nocolor B,clear,"(100, 68)",1,0.0720430232449971,0.0719961362293568,288,288,290,290
53007,cover blue all,cover,"(79, 69)",0,0.0167298312952571,0.0167578776889651,260,260,273,273
53007,fill nocolor B1,fill,"(88, 60)",1,0.1051710337745451,0.1050606189537303,289,289,290,290
53007,move red B2,move,"(76, 81)",1,0.0102131631361922,0.0102317790139313,284,284,307,307
53007,uncover red all,uncover,"(75, 73)",1,0.0295873310406189,0.0295882997112558,285,285,290,290
53007,uncover green all,uncover,"(85, 57)",1,0.0135114782890555,0.0135256923920287,282,282,307,307
53007,fill nocolor A2,fill,"(82, 58)",1,0.0080271785642578,0.0080442065483909,267,267,290,290
53007,cover red all,cover,"(79, 58)",1,0.0003274152597452,0.0003288715774274,125,126,307,307
53007,clear nocolor C2,clear,"(88, 66)",1,0.1112793458820508,0.1111549903780994,289,289,290,290
58637,cover blue all,cover,pass,0,0.0037605291019829,0.1570366673847347,173,272,273,273
58637,clear nocolor A2,clear,"(60, 64)",0,0.0095840138149869,0.0002115979986397,277,256,290,290
58637,fill nocolor B1,fill,"(99, 43)",1,0.005997860838514,0.0001305985371508,256,98,290,290
58637,uncover blue all,uncover,"(73, 56)",0,0.0034998817031056,8.518206038422446e-05,238,154,290,290
58637,move green B1,move,"(102, 43)",1,0.0129705837964681,0.0001312897460847,278,230,290,290
58637,clear nocolor C2,clear,"(89, 48)",1,0.007433495505211,0.0013042628137761,273,249,290,290
58637,cover red all,cover,pass,0,0.0031268769729172,0.3895509339636964,185,289,290,290
58637,uncover green all,uncover,"(99, 64)",1,0.0021234733122347,6.621649974505555e-05,132,64,290,290
58637,fill nocolor A2,fill,pass,0,0.0025496347470505,0.9389805692678024,199,306,307,307
58637,move red C,move,"(102, 64)",0,0.0135589734669071,0.000211292073553,279,234,290,290
18558,clear nocolor A,clear,"(77, 24)",1,0.2837244490053019,0.2848032557221007,271,271,273,273
18558,uncover red all,uncover,"(93, 55)",0,0.001194917820055,0.0011781220497394,208,209,273,273
18558,uncover green all,uncover,"(77, 83)",0,0.1861003784497868,0.1866838549954816,288,288,290,290
18558,move red C2,move,"(74, 84)",1,0.0016823438608936,0.0016698647399867,189,190,273,273
18558,fill nocolor B1,fill,"(54, 62)",1,0.30237666419403,0.3041742801962141,271,271,273,273
18558,cover green all,cover,"(77, 80)",1,0.0175257753339356,0.0177709159398751,263,263,273,273
18558,move green A,move,"(75, 36)",0,0.0021347773312408,0.0020704315016883,200,200,273,273
18558,fill nocolor A1,fill,"(94, 56)",1,0.0379798686721042,0.037799118343885,259,260,273,273
18558,clear nocolor A1,clear,"(77, 62)",0,0.2837570801087666,0.2848353203898933,271,271,273,273
18558,cover red all,cover,"(77, 63)",-1,0.1861003784497868,0.1866838549954816,287,288,290,290
88653,clear nocolor A,clear,"(75, 51)",1,0.0339212616202563,0.023524767215056,232,230,239,239
88653,move red A2,move,"(62, 99)",1,0.0031022259295308,0.0035308942762648,179,192,256,256
88653,fill nocolor A1,fill,"(61, 55)",1,0.0393201731510548,0.0311860024681115,233,235,239,239
88653,cover red all,cover,"(95, 53)",0,0.0420079417201086,0.0261910888389633,235,233,239,239
88653,move red B,move,"(91, 43)",1,0.0009557997963889,0.0008095625802039,108,103,239,239
88653,cover blue all,cover,"(95, 50)",1,0.1571770403671686,0.0912929741192558,238,238,239,239
88653,uncover red all,uncover,"(61, 101)",0,0.0058029784924911,0.006961331722185,221,228,256,256
88653,clear nocolor B1,clear,"(61, 71)",1,0.0015219190566443,0.0017847345496849,112,120,239,239
88653,fill nocolor C2,fill,"(61, 70)",1,0.020799338913365,0.0238957162686348,231,234,239,239
88653,uncover green all,uncover,"(61, 84)",1,0.0194235142517475,0.0228980747723923,246,252,256,256
82980,fill nocolor A1,fill,"(64, 56)",1,0.0130069984104223,0.0118725458185247,272,273,290,290
82980,clear nocolor A,clear,"(78, 69)",0,0.0128189411241775,0.0120124430894052,265,266,290,290
82980,clear nocolor B2,clear,"(82, 86)",1,0.0084995241905755,0.0089784076589392,277,280,307,307
82980,move red B1,move,"(73, 62)",1,0.045202593524139,0.0289858393200155,288,286,290,290
82980,cover blue all,cover,"(64, 83)",0,0.0020916796118421,0.0002783999477289,150,22,290,290
82980,fill nocolor B1,fill,"(55, 60)",1,0.0048386374080371,0.0059345417482566,246,248,290,290
82980,uncover blue all,uncover,"(55, 76)",1,0.07704183341382,0.0826483929518466,303,299,307,307
82980,cover green all,cover,"(73, 57)",0,0.0069321922320194,0.0081173682462741,278,278,290,290
82980,uncover red all,uncover,"(77, 57)",0,0.0022706221891832,0.0026413416892993,175,208,290,290
82980,move red A1,move,"(75, 72)",0,0.0485079054010978,0.031460045277872,287,287,290,290
84838,uncover red all,uncover,"(90, 101)",0,0.0078344383144314,0.000501759237085,275,269,290,290
84838,move green C2,move,pass,0,0.0036952285389159,0.5421380400203533,197,272,273,273
84838,cover green all,cover,"(99, 75)",0,0.0183601031785995,0.0014605192421984,269,262,273,273
84838,clear nocolor B,clear,pass,0,0.0036603438274341,0.95697072217118,177,272,273,273
84838,cover blue all,cover,pass,0,0.0046038027013338,0.9606974108487076,232,289,290,290
84838,fill nocolor C1,fill,pass,0,0.0043050728596663,0.3801565788112932,219,289,290,290
84838,move blue C2,move,"(104, 35)",1,0.012799065159012,0.0230187764656512,282,287,290,290
84838,clear nocolor C1,clear,pass,0,0.0034612633688922,0.9074092466003986,218,306,307,307
84838,fill nocolor A2,fill,pass,0,0.0045581476589409,0.8407660037787577,199,272,273,273
84838,uncover blue all,uncover,pass,0,0.0041014439387485,0.8713347907618358,225,289,290,290
50151,clear nocolor B,clear,"(74, 78)",0,8.085563345873734e-05,8.16413604430818e-05,25,25,290,290
50151,cover blue all,cover,"(64, 38)",0,0.0090743505518105,0.009100829690039,237,237,273,273
50151,clear nocolor A1,clear,"(92, 61)",1,0.0175076588797899,0.0175241876442947,282,282,290,290
50151,uncover green all,uncover,"(78, 72)",1,0.0968178002828155,0.096682152510104,289,289,290,290
50151,fill nocolor B2,fill,"(92, 61)",0,0.0088385618883422,0.0088709345755382,265,265,290,290
50151,move blue B2,move,"(90, 62)",0,0.0149935842965778,0.0150051284290124,277,277,290,290
50151,cover green all,cover,"(93, 74)",0,0.0025526928247793,0.0025696415516784,148,149,290,290
50151,uncover blue all,uncover,"(92, 76)",1,0.0096237145894108,0.0096485954933846,292,292,307,307
50151,move green A,move,"(64, 66)",0,0.006879403703737,0.0068846355060554,242,242,290,290
50151,fill nocolor B1,fill,"(84, 61)",1,0.0132716229905973,0.0133133615312214,279,279,290,290
32385,uncover blue all,uncover,"(78, 75)",0,0.010424134934129,0.0046376176581275,277,268,307,307
32385,cover green all,cover,"(70, 89)",0,0.0086865407752687,0.0049863295759099,258,227,290,290
32385,cover red all,cover,"(56, 77)",0,0.0358540417889667,0.0125780157960539,267,257,273,273
32385,move blue A1,move,"(76, 60)",1,0.0057830395647025,0.0182279150249921,230,265,273,273
32385,move green B,move,"(80, 63)",0,0.0055410700510867,0.0024723664853706,248,162,290,290
32385,uncover red all,uncover,"(84, 50)",1,0.0240869921493925,0.0317883331336853,282,286,290,290
32385,clear nocolor C,clear,"(69, 85)",0,0.0104885683923782,0.0052798291149166,272,237,290,290
32385,fill nocolor C2,fill,"(84, 71)",1,0.0038498699379733,0.0047973757269846,237,240,290,290
32385,clear nocolor A2,clear,"(94, 72)",1,0.005130388400435,0.0064597537261769,239,267,290,290
32385,fill nocolor A2,fill,"(90, 75)",1,0.005937549749625,0.0064911611386045,262,262,307,307
63576,cover red all,cover,"(90, 19)",0,0.002075498680331,0.0019429773916214,59,25,256,256
63576,move blue C1,move,"(55, 63)",0,0.003631766940168,0.0061454064412304,197,225,256,256
63576,uncover blue all,uncover,"(55, 89)",0,0.0047435949654598,0.0060615380239584,213,258,273,273
63576,fill nocolor B2,fill,"(80, 64)",1,0.00690839599553,0.0065740539070154,231,232,256,256
63576,clear nocolor C,clear,"(106, 41)",1,0.003007845394351,0.0026290692631461,140,93,256,256
63576,uncover red all,uncover,"(82, 76)",1,0.0195632975201839,0.015968438921014,271,271,273,273
63576,move blue A1,move,"(78, 74)",1,0.0060242465501836,0.0052087540420579,220,212,273,273
63576,fill nocolor A2,fill,"(81, 41)",1,0.002094589649216,0.0015174539505832,111,64,273,273
63576,cover green all,cover,"(83, 64)",1,0.0029612888742979,0.0023494783846072,70,52,256,256
63576,clear nocolor A2,clear,"(75, 19)",1,0.0196872331083125,0.008010145839527,254,242,256,256
93940,cover green all,cover,"(61, 21)",0,0.0057169930749063,0.0051797838414289,223,219,256,256
93940,fill nocolor C1,fill,"(106, 71)",0,0.0032929246778504,0.0026328735779999,175,172,256,256
93940,cover red all,cover,"(107, 32)",0,0.0327536094372786,0.0394815751030693,249,249,256,256
93940,move green A,move,"(89, 95)",1,0.0072243792665628,0.0071243933181208,232,232,273,273
93940,uncover green all,uncover,pass,0,0.0023265797560718,0.5003093254617779,169,255,256,256
93940,uncover red all,uncover,pass,0,0.0025932265327057,0.6784538820368088,143,255,256,256
93940,fill nocolor A2,fill,"(107, 21)",1,0.0637587836523128,0.0898473061531403,255,253,256,256
93940,clear nocolor A,clear,"(75, 94)",0,0.0058040158587862,0.0047812460893134,216,213,256,256
93940,clear nocolor A2,clear,"(61, 54)",0,0.0174613661865524,0.0179998598943578,244,244,256,256
93940,move blue A1,move,"(61, 56)",0,0.0295999701961272,0.0347865402505766,252,249,256,256
93952,clear nocolor A2,clear,"(79, 54)",0,0.0047223274685688,0.0047145535430607,270,273,307,307
93952,fill nocolor B2,fill,"(91, 65)",1,0.0824670329585769,0.0832929388091846,284,286,290,290
93952,cover red all,cover,"(80, 73)",1,0.2164717767251774,0.2162691116060489,305,305,307,307
93952,fill nocolor A2,fill,"(91, 39)",1,0.1340464234631132,0.1352046358702276,284,286,290,290
93952,uncover red all,uncover,"(81, 64)",0,0.0022063056311267,0.00220586102769,224,237,307,307
93952,clear nocolor C,clear,"(85, 73)",1,0.2532245845752656,0.2529089479682769,305,305,307,307
93952,cover blue all,cover,"(91, 58)",0,0.1340464234631132,0.1310133406792914,284,284,290,290
93952,move blue B1,move,"(81, 62)",1,0.0043417652237795,0.0043401383114671,253,256,307,307
93952,uncover blue all,uncover,"(80, 73)",1,0.2164717767251776,0.216269111606049,305,305,307,307
93952,move green A1,move,"(85, 73)",1,0.2532245845752655,0.2529089479682769,305,305,307,307
87384,move red A1,move,"(96, 72)",1,0.0115949407618436,0.0114953691629223,301,301,307,307
87384,cover green all,cover,"(103, 32)",-1,0.0023552481445076,0.002316848425762,83,81,290,290
87384,clear nocolor B1,clear,"(96, 72)",1,0.0115949407618436,0.0114953691629223,301,301,307,307
87384,move blue C2,move,"(76, 53)",1,0.0073662619879634,0.007370168131092,269,269,290,290
87384,uncover green all,uncover,"(68, 85)",0,0.0025806109476356,0.0026632623301434,105,107,290,290
87384,uncover red all,uncover,"(96, 62)",1,0.0013679103940652,0.0014951481381988,116,117,290,290
87384,cover blue all,cover,"(95, 60)",0,0.0033893961885451,0.0033904547662799,213,214,290,290
87384,fill nocolor A2,fill,"(74, 41)",1,0.0239134525207955,0.0230345845319984,289,289,290,290
87384,fill nocolor C2,fill,"(93, 50)",0,0.0044066438450719,0.0043374740007672,205,204,290,290
87384,clear nocolor A,clear,"(102, 67)",0,0.0019153685212145,0.0018917662620256,116,114,290,290
30838,clear nocolor A,clear,pass,0,0.003859096020347088,0.9955930286142404,216,306,307,307
30838,cover blue all,cover,pass,0,0.00405630401007771,0.7521223432589944,222,306,307,307
30838,fill nocolor C1,fill,pass,0,0.0038112209435612054,0.9209968575902301,228,306,307,307
30838,fill nocolor A2,fill,pass,0,0.0038470851540342533,0.9963059476469864,213,306,307,307
30838,cover green all,cover,pass,0,0.004029193087721051,0.9761419342631759,227,306,307,307
30838,uncover red all,uncover,pass,0,0.004235719624185703,0.7446852138601963,244,306,307,307
30838,clear nocolor C2,clear,"(72, 38)",0,0.0026955082072658305,0.00020663208520564484,125,164,290,290
30838,move green A,move,pass,0,0.0041684556237098335,0.9904422479843533,240,306,307,307
30838,uncover blue all,uncover,pass,0,0.004362087579060534,0.9882845696329003,241,306,307,307
30838,move red A,move,pass,0,0.004198158178425358,0.8427880842715854,243,306,307,307
43467,clear nocolor A1,clear,"(75, 89)",0,0.007979858414495798,0.007711260969666678,273,271,307,307
43467,cover red all,cover,"(77, 73)",0,0.009168078710686601,0.013093121870944472,273,273,290,290
43467,fill nocolor B1,fill,"(107, 88)",0,0.0028392072746687325,0.0031518589687729295,199,195,307,307
43467,fill nocolor A2,fill,"(85, 59)",1,0.018786011658406265,0.01883069817223416,293,296,307,307
43467,uncover green all,uncover,"(102, 88)",1,0.007453638106868877,0.00736071136781842,283,281,307,307
43467,move green B1,move,"(86, 42)",1,0.014254235919094776,0.014532825832693537,291,293,307,307
43467,clear nocolor B2,clear,"(62, 89)",0,0.03451883726456404,0.030233608846194027,283,281,290,290
43467,cover blue all,cover,"(78, 26)",0,0.0020237258652435865,0.0011524255943929002,178,150,307,307
43467,move blue A,move,"(62, 61)",0,0.002435811367048472,0.0022413610058042636,193,187,290,290
43467,uncover red all,uncover,"(79, 83)",0,0.009015753621205852,0.007857541326381516,276,276,307,307
97122,fill nocolor C2,fill,"(96, 70)",1,0.0011233796283146179,0.0012551545420425643,160,157,290,290
97122,move blue A1,move,"(94, 54)",1,0.09877329861524829,0.023836305678145535,288,281,290,290
97122,fill nocolor B1,fill,"(74, 60)",1,0.052461738061144486,0.05311519112799782,286,286,290,290
97122,move green C,move,"(79, 85)",0,0.018528931508846335,0.008551155322497745,273,260,290,290
97122,uncover blue all,uncover,"(81, 61)",0,0.0032002331541420783,0.0059778484343033745,149,245,290,290
97122,uncover green all,uncover,"(83, 58)",1,0.05522304120516102,0.07122396549960079,285,285,290,290
97122,clear nocolor B2,clear,"(83, 82)",0,0.04238110768042477,0.05899797458999476,281,283,290,290
97122,clear nocolor C2,clear,"(69, 84)",1,0.1017483646713438,0.10675356105227374,288,288,290,290
97122,cover green all,cover,"(103, 71)",1,0.00027952735576646225,0.000200255291860318,111,96,290,290
97122,cover red all,cover,"(81, 61)",1,0.03205039642967208,0.0423337330815515,284,287,290,290
13861,move red B1,move,pass,0,0.0024813368803033122,0.9983268764306716,157,289,290,290
13861,uncover green all,uncover,pass,0,0.004201133302648944,0.24106918331542984,208,289,290,290
13861,move blue B,move,"(89, 106)",1,0.005743582643308607,0.0011784654588782924,247,257,290,290
13861,fill nocolor C1,fill,"(75, 56)",0,0.002068439443039045,0.0003624321692303443,93,100,290,290
13861,uncover red all,uncover,pass,0,0.0026783230920780408,0.9984929522217146,170,289,290,290
13861,fill nocolor A1,fill,"(76, 54)",1,0.009832193798848542,0.0004945672134633194,278,259,290,290
13861,clear nocolor B,clear,"(74, 57)",0,0.00766123684711512,0.0014848409153060806,272,256,290,290
13861,clear nocolor A,clear,"(95, 60)",1,0.004582542432349958,0.00044476431756377703,221,188,290,290
13861,cover green all,cover,"(81, 77)",1,0.008776058649133346,0.0067448867105299,260,250,290,290
13861,cover blue all,cover,pass,0,0.003591376379605704,0.2598278235801159,163,272,273,273
36961,uncover green all,uncover,pass,0,0.0036763539882091406,0.8714733280717926,144,272,273,273
36961,cover red all,cover,pass,0,0.00358878834788116,0.9376152655532686,156,272,273,273
36961,clear nocolor C,clear,pass,0,0.003640947566098553,0.9751821711556241,159,272,273,273
36961,clear nocolor C2,clear,pass,0,0.003751142593447573,0.6573362226751528,191,289,290,290
36961,cover green all,cover,pass,0,0.004032815216332492,0.6494132702043243,189,272,273,273
36961,uncover blue all,uncover,pass,0,0.0038880360888693924,0.6558277104587601,195,289,290,290
36961,move red C,move,"(93, 58)",0,0.0037977386156272863,0.00016375766047020603,162,159,273,273
36961,fill nocolor A1,fill,pass,0,0.0034346779216790266,0.8740016743834723,169,289,290,290
36961,fill nocolor B2,fill,pass,0,0.003758030512423514,0.9704616554025806,155,272,273,273
36961,move green B2,move,"(90, 64)",0,0.008364007113008925,7.453168440851185e-05,247,160,256,256
29499,move green C1,move,"(101, 84)",1,0.006035098486129008,0.007184237000307479,247,242,273,273
29499,move green B2,move,"(63, 65)",0,0.001462838323521576,0.001328033394583306,202,183,256,256
29499,clear nocolor C1,clear,"(86, 65)",1,0.0675947769876048,0.07943559617502252,252,250,256,256
29499,fill nocolor B2,fill,"(76, 65)",1,0.17453056912904316,0.1629635090812902,254,254,256,256
29499,uncover blue all,uncover,"(76, 37)",2,0.21219787308002247,0.18954698076746856,255,253,256,256
29499,cover green all,cover,"(76, 60)",0,0.15114526771960504,0.14206318010034025,254,254,256,256
29499,cover blue all,cover,"(63, 67)",1,0.022236691303041883,0.014134391208732425,245,240,256,256
29499,clear nocolor C,clear,"(87, 75)",1,0.22112646323837298,0.18322928663116522,272,271,273,273
29499,fill nocolor B1,fill,"(63, 78)",1,0.0034667066749740944,0.0035971838570899774,217,213,273,273
29499,uncover red all,uncover,"(58, 78)",1,0.0653191301195258,0.09872350519355985,249,247,256,256
74257,uncover green all,uncover,"(57, 56)",1,0.002675417370872121,0.00021585628065275202,174,171,307,307
74257,clear nocolor B,clear,"(68, 85)",0,0.008623780078118018,0.008785946406924688,295,296,307,307
74257,cover green all,cover,pass,0,0.004042854337061632,0.09999943484461327,228,306,307,307
74257,fill nocolor C2,fill,"(83, 77)",0,0.00410328765623774,0.0013662677952121997,236,236,307,307
74257,fill nocolor B1,fill,"(86, 82)",0,0.006722592852794392,0.001303486536619374,289,286,307,307
74257,move green B,move,"(57, 82)",1,0.008261697394949462,0.0017745720501774228,296,297,307,307
74257,cover red all,cover,"(100, 76)",1,0.002957708455319416,0.0025214086666825114,181,178,307,307
74257,uncover red all,uncover,"(78, 66)",-1,0.0025778150308775486,0.0010674194594444731,180,185,307,307
74257,clear nocolor A2,clear,"(68, 88)",0,0.004039345244765271,0.003637758657135847,228,226,307,307
74257,move red B1,move,"(103, 65)",0,0.002661444259808644,0.0005306576509233288,123,116,290,290
97778,clear nocolor C2,clear,"(105, 50)",1,0.08417983028594982,0.2726601002317687,271,271,273,273
97778,fill nocolor C1,fill,"(107, 68)",1,0.036229405199641934,0.12617151743261545,272,272,273,273
97778,uncover green all,uncover,"(63, 69)",0,0.010548219765964421,0.007279939757440057,270,270,290,290
97778,cover blue all,cover,pass,0,0.0013952484561531166,0.6432132804481703,148,272,273,273
97778,move red A2,move,pass,0,0.002280051474093344,0.2339809583150586,150,272,273,273
97778,clear nocolor B1,clear,pass,0,0.0018376372806476044,0.9454743951021259,150,272,273,273
97778,fill nocolor B1,fill,pass,0,0.001655008091717292,0.8978142551638987,157,272,273,273
97778,uncover red all,uncover,"(80, 73)",1,0.057059668896301846,0.009810368299573968,287,288,290,290
97778,move green C,move,"(91, 49)",1,0.019354613545904727,0.004838911660935567,267,265,273,273
97778,cover red all,cover,"(91, 57)",0,0.009281277461816007,0.0014692505813012435,248,248,273,273
24954,uncover green all,uncover,"(77, 101)",0,0.0012393047940959482,0.0012451580744506166,137,138,290,290
24954,uncover blue all,uncover,"(55, 57)",0,0.0007252136938142002,0.0007140171789596767,82,83,290,290
24954,cover green all,cover,"(88, 71)",1,0.01601390935831414,0.015422802085131344,228,228,273,273
24954,fill nocolor B1,fill,"(69, 68)",0,0.01399924036410866,0.014116873459722486,281,281,290,290
24954,cover red all,cover,"(73, 59)",1,0.014298860423107431,0.014366909822027036,275,275,290,290
24954,move red C2,move,"(100, 80)",0,0.002440690672069652,0.002420060516948415,218,217,290,290
24954,move green B2,move,"(89, 81)",1,0.00713639870305024,0.007201982947475286,264,264,307,307
24954,clear nocolor C,clear,"(67, 83)",1,0.05899876596546932,0.05939093211168782,289,289,290,290
24954,fill nocolor B2,fill,"(67, 83)",1,0.05899876596546938,0.0593909321116878,289,289,290,290
24954,clear nocolor A1,clear,"(79, 59)",0,0.04187726658131032,0.042078644984792926,269,269,273,273
85713,move blue B2,move,pass,0,0.0034303446054016113,0.5504970415352651,176,272,273,273
85713,fill nocolor A1,fill,"(78, 80)",0,0.0032016671932075455,0.0007109040957975637,197,200,290,290
85713,fill nocolor C2,fill,pass,0,0.0037596796229437818,0.1404284123514505,193,272,273,273
85713,cover blue all,cover,"(74, 41)",0,0.004092387171369932,0.001285184553777817,178,202,273,273
85713,clear nocolor C,clear,"(74, 72)",0,0.00811185979663131,0.0003894209150930731,258,256,290,290
85713,uncover green all,uncover,"(87, 85)",0,0.004734321993393166,0.000784406136356346,208,195,273,273
85713,cover red all,cover,"(58, 73)",1,0.006070261989512074,0.0005977163813236288,207,206,256,256
85713,uncover red all,uncover,pass,0,0.0047411333640111665,0.9412873948062291,199,272,273,273
85713,clear nocolor B1,clear,"(69, 71)",0,0.014662534877270816,0.0031223882298765477,277,276,290,290
85713,move blue C1,move,"(58, 90)",1,0.010023471075217553,0.0003550204124177506,264,260,290,290
